claim_id,claim,scope,proof_or_argument,implementation,evidence,negative_control,nonclaim,maturity,fresh_recheck
C1,Every admitted mapping preserves the shared modular event semantics.,Proved for the declared finite IR and arithmetic contract.,paper/main.tex: semantic-contract lemma and theorem; artifact/proofs/arguments.md sections 1-3,src/dataflow/model.py; src/dataflow/literal.py,"tests/test_contract.py admission, codec, and semantic cases; main campaign numeric executions; standalone-oracle independent executions","Malformed parents, lifetimes, bindings, guards, capacity, and packets are rejected.","No floating-point, sparse-sparse conjunction, replacement, spill, or device claim.",proved + finite-checked + separately reimplemented,2026-09-21
C2,Target-minus-source payload bytes have an exact signed-OR representation.,All supported packet formats and selected hierarchy edge.,paper/main.tex: exact-signature theorem; proofs/arguments.md section 2,src/dataflow/model.py difference(); src/dataflow/literal.py,"1,730 main pairs and 256,074 legal masks compare extracted and literal traffic; standalone-oracle independently rechecks all pairs/masks without importing dataflow; adversarial and fresh stress checks add 1,074 and 3,219 level-mask comparisons",The standalone oracle has an empty production-implementation import list and recomputes packet and OR semantics.,Only the declared byte metric; no timing or energy.,proved + finite-checked + separately reimplemented,2026-09-21
C3,Exact squared counting completely decides equality over disjoint free/exact-cardinality blocks.,Product-of-block promise only.,paper/main.tex: exact-equality theorem; proofs/arguments.md section 3,src/dataflow/moment.py,equal-small/equal-large results; standalone oracle recomputes avoidance/square logic; adversarial check covers 350 random cases; post-freeze stress adds 192 exact-square and 192 self-equality checks,"Nonzero generated differences, separating witnesses, and the resource-limited 256-group control.",No claim for arbitrary Boolean support formulas.,proved + finite-checked + separately reimplemented,2026-09-21
C4,A failed equality decision constructs a legal separating mask.,Same promise and executable operation budget.,paper/main.tex: witness proof following the exact-equality theorem; proofs/arguments.md section 3,src/dataflow/moment.py witness(),Campaign witnesses rechecked by signature and literal traffic; the 350-case adversarial oracle validates every constructed separating mask; fresh stress covers all nonzero sign classes,Self-reduction consistency failure raises an error; malformed equality certificates reject.,No polynomial runtime claim outside the fragment/budget.,proved + finite-checked,2026-09-21
C5,An accepted frontier-potential certificate proves the independent caller-supplied upper bound.,Finite admitted instance; complete listed successor relation.,paper/main.tex: checked-potential theorem; proofs/arguments.md section 4,src/dataflow/producer.py; src/dataflow/checker.py,orders/cliques/main campaign; 14 damaged-proof mutations; adversarial exact-optimum checks in 58 cases; fresh stress verifies 96 certificates; shipped certificate example is accepted by the checker,"Omitted successors, changed states/rewards/bounds, and missing terminal conditions are rejected.",Certificate may be loose or exponentially large; bounded producer may return unresolved.,proved + mutation-tested + exact-oracle checked,2026-09-21
C6,The fixed-zero universal upper-bound decision is coNP-complete with eight bytes payload and exact 2:4 blocks.,Unbounded family of finite IR instances; program/control storage may grow.,paper/main.tex: fixed-zero hardness theorem; proofs/arguments.md section 5,src/dataflow/generate.py cut_threshold(); scripts/reduction.py,"218 reduction pairs, 5,800 masks, capacity 8 bytes; standalone oracle independently replays all; adversarial oracle adds 80 graphs and 16,720 masks","All simple graphs through 4 vertices free and through 3 vertices with 2:4 lifting, every nontrivial threshold.",Not a constant-total-memory result; no deployed hardware claim.,proved + exhaustive bounded validation + separately reimplemented,2026-09-21
C7,The implemented local rewrites preserve their stated semantic/movement relation under checked side conditions.,Only rewrite templates in rewrites.py.,paper/main.tex local-rewrite section; proofs/arguments.md section 6,src/dataflow/rewrites.py,Positive and side-condition-negative tests in tests/test_contract.py; graph interchange traces are checked against target mappings.,Mutated side conditions and unsupported cases reject.,Not complete for all sparse mapping rewrites.,proved per template + tested,2026-09-21
C8,"Frozen main campaign agreement covers 1,730 pairs, 256,074 legal masks, and 13,997 numeric codec/execution masks.",Generated finite inputs retained under inputs/.,paper/main.tex evaluation section,scripts/campaign.py; scripts/reproduce.py,results/summary.csv and nine main result JSON files; standalone-oracle independently obtains the same totals from frozen inputs,Exact regenerated input bytes and scientific fields must match; timing excluded.,Counts do not establish production-workload breadth.,measured + clean-reproduced + separately reimplemented,2026-09-21
C9,The independent 2:4 equality family completes at 128 groups and is unresolved at 256 under the frozen operation cap.,Constructed scaling family and 50M charged-operation preflight.,paper/main.tex evaluation/scaling subsection,scripts/scaling.py; src/dataflow/moment.py,results/equality.csv; equal-small.json; equal-large.json,256-group result remains unresolved rather than being lowered or relabeled.,"Timing is one-CPU environment evidence, not an asymptotic proof.",measured + clean-reproduced,2026-09-21
C10,Frontier state size is order-sensitive on the constructed family.,Grouped/interleaved/shuffled guard orders.,paper/main.tex evaluation/certificate-cost subsection,scripts/scaling.py; scripts/certificate_benchmark.py; producer/checker,"results/orders.csv and certificates.csv/json; grouped 8-group case has 65 states and 1,052 bytes while interleaved has 32,291 states and 924,932 bytes",12/16-group interleaved/shuffled controls hit the layer limit while grouped completes.,No assertion that one heuristic is globally optimal.,measured + clean-reproduced,2026-09-21
C11,Summing local bounds is strictly looser than joint analysis on clique instances.,"Constructed clique family, 3-12 vertices.",paper/main.tex evaluation subsection,scripts/scaling.py,results/cliques.csv and cliques.json,Joint bound and local sum are recomputed for every retained clique.,Not a universal approximation-ratio theorem.,measured + clean-reproduced,2026-09-21
C12,"The fixed-zero reduction implementation matches signature, literal bytes, and the Max-Cut closed form.",Bounded exhaustive graph/threshold campaign.,proofs/arguments.md section 5,scripts/reduction.py; src/dataflow/generate.py,"results/reduction.json/csv; inputs/reduction.jsonl; standalone-oracle replays all 5,800 masks; adversarial crosscheck recomputes 16,720 additional masks",Every legal mask checked; capacity and maximum event count recorded.,Finite validation complements but does not replace the general proof.,finite-checked + clean-reproduced + separately reimplemented,2026-09-21
C13,The standalone artifact cleanly reproduces fifteen scientific parts and three validation paths.,Python-standard-library artifact on the intake environment.,artifact/README.md reproduction contract,scripts/reproduce.py; scripts/verify_artifact.py,"results/reproduction-validation.json; integrity audit, 24 tests in normal and optimized modes, standalone oracle, adversarial crosscheck, fresh reviewer stress, exact regenerated inputs, and 15/15 scientific parts passed",Scientific fields and regenerated bytes are compared; swap must remain zero; output directory must not preexist.,Successful execution is not independent peer review or proof-assistant verification.,clean-reproduced,2026-09-21
C14,"A second implementation that imports no production dataflow module reproduces all frozen literal/signature, codec, execution, equality, and reduction totals.",Frozen main and reduction inputs only; bounded legal-mask enumeration.,proofs/arguments.md section 9,scripts/standalone_oracle.py,"results/standalone-oracle.json: 1,730 pairs, 256,074 masks, 13,997 codec masks, 218 reduction pairs, and 5,800 reduction masks passed; implementation_imports is empty","Independent parsing, admission checks, signed-OR construction, square counting, codecs, execution, and reduction formula; no import of dataflow.",Package-internal second implementation is not external replication or mechanized proof.,separately reimplemented + clean-reproduced,2026-09-21
C15,Post-freeze fresh-instance and metamorphic tests do not expose generator-specific special casing.,144 newly generated small mapping pairs under seed 20260921.,paper/main.tex evaluation/validation-paths subsection; proofs/arguments.md section 9,scripts/reviewer_stress.py,"results/reviewer-stress.json: 2,562 masks, 3,219 level-mask checks, 192 exact squares, 96 upper certificates, 3,219 renamings, and 3,219 source/target swaps passed across equal/mixed/one-sided sign classes",Fresh generator does not call dataflow.generate; guard renaming and arm swapping enforce invariances.,"This is structural stress testing, not an IID held-out workload estimate or proof of production breadth.",post-freeze finite-checked + clean-reproduced,2026-09-21
C16,"Certificate generation and checking expose an order-sensitive size cost, including a large but checkable retained example.",Nine deterministic structured/clique cases; certificate serialization used only as a transparent size proxy.,paper/main.tex evaluation/certificate-cost subsection; proofs/arguments.md section 8,scripts/certificate_benchmark.py; src/dataflow/producer.py; src/dataflow/checker.py,"results/certificates.json/csv: 9 cases; largest retained certificate 924,932 bytes and 32,291 states; grouped 32-group case uses 3,727 bytes and 257 states",Same 8-group mapping is measured under grouped and interleaved orders; checker validates each certificate against the independent requested bound.,No polynomial certificate-size guarantee and no performance extrapolation beyond these cases.,measured + checker-validated + clean-reproduced,2026-09-21
C17,All shipped experiment checks remain active under Python optimization and relevant integer quantities stay within the documented signed-64-bit envelope.,Declared generator ceilings and shipped Python implementation.,paper/main.tex implementation limits; proofs/arguments.md section 8,scripts/verify_artifact.py statically forbids assert statements in src/scripts; explicit runtime checks replace optimization-sensitive assertions,24 tests under normal and PYTHONOPTIMIZE=1 modes; static source audit; bound derivation records <2^60 conservative coefficient magnitude,The verifier fails on any AST Assert in production source or experiment scripts and on non-standard/network imports.,"Python integers are arbitrary precision; the signed-64 statement documents portability headroom, not a hardware benchmark.",proved bound + statically audited + optimized-mode tested,2026-09-21
