resource_id,title,authors_or_owner,year,resource_type,scholarly_or_official_url,access_date,license_or_access,integration_mode,redistributed
wu2022sparseloop,{Sparseloop}: An Analytical Approach to Sparse Tensor Accelerator Modeling,Yannan Nellie Wu and Po-An Tsai and Angshuman Parashar and Vivienne Sze and Joel S. Emer,2022,inproceedings,https://doi.org/10.1109/MICRO56248.2022.00096,2026-09-19,"official DOI, publisher, preprint, or author record used for metadata; source not redistributed",manuscript bibliography and related-work comparison,no
sharma2025d2t2,A Probabilistic Perspective on Tiling Sparse Tensor Algebra,Ritvik Sharma and Zi Yu Xue and Nathan Zhang and Rubens Lacouture and Fredrik Kjolstad and Sara Achour and Mark Horowitz,2025,inproceedings,https://doi.org/10.1145/3725843.3756095,2026-09-19,"official DOI, publisher, preprint, or author record used for metadata; source not redistributed",manuscript bibliography and related-work comparison,no
liu2026atl,A Mechanized Algebra of Verified Data Structures for Optimizing Sparse Tensor Programs,Amanda Liu and Gilbert Louis Bernstein and Shoaib Kamil and Adam Chlipala and Jonathan Ragan-Kelley,2026,article,https://doi.org/10.1145/3808261,2026-09-19,"official DOI, publisher, preprint, or author record used for metadata; source not redistributed",manuscript bibliography and related-work comparison,no
chakrabarty2015coverage,Recognizing Coverage Functions,Deeparnab Chakrabarty and Zhiyi Huang,2015,article,https://doi.org/10.1137/140964072,2026-09-19,"official DOI, publisher, preprint, or author record used for metadata; source not redistributed",manuscript bibliography and related-work comparison,no
dechter1999bucket,Bucket Elimination: A Unifying Framework for Reasoning,Rina Dechter,1999,article,https://doi.org/10.1016/S0004-3702(99)00059-4,2026-09-19,"official DOI, publisher, preprint, or author record used for metadata; source not redistributed",manuscript bibliography and related-work comparison,no
garey1976simplified,Some Simplified {NP}-Complete Graph Problems,Michael R. Garey and David S. Johnson and Larry Stockmeyer,1976,article,https://doi.org/10.1016/0304-3975(76)90059-1,2026-09-19,"official DOI, publisher, preprint, or author record used for metadata; source not redistributed",manuscript bibliography and related-work comparison,no
sze2017survey,Efficient Processing of Deep Neural Networks: A Tutorial and Survey,Vivienne Sze and Yu-Hsin Chen and Tien-Ju Yang and Joel S. Emer,2017,article,https://doi.org/10.1109/JPROC.2017.2761740,2026-09-19,"official DOI, publisher, preprint, or author record used for metadata; source not redistributed",manuscript bibliography and related-work comparison,no
gilbert2024looptree,{LoopTree}: Exploring the Fused-Layer Dataflow Accelerator Design Space,Michael Gilbert and Yannan Nellie Wu and Joel S. Emer and Vivienne Sze,2024,article,https://doi.org/10.1109/TCASAI.2024.3461716,2026-09-19,"official DOI, publisher, preprint, or author record used for metadata; source not redistributed",manuscript bibliography and related-work comparison,no
ahrens2022asymptotic,Autoscheduling for Sparse Tensor Algebra with an Asymptotic Cost Model,Willow Ahrens and Fredrik Kjolstad and Saman Amarasinghe,2022,inproceedings,https://doi.org/10.1145/3519939.3523442,2026-09-19,"official DOI, publisher, preprint, or author record used for metadata; source not redistributed",manuscript bibliography and related-work comparison,no
wu2020pim,An Architecture-Level Energy and Area Estimator for Processing-In-Memory Accelerator Designs,Yannan Nellie Wu and Vivienne Sze and Joel S. Emer,2020,inproceedings,https://doi.org/10.1109/ISPASS48437.2020.00024,2026-09-19,"official DOI, publisher, preprint, or author record used for metadata; source not redistributed",manuscript bibliography and related-work comparison,no
kjolstad2017taco,The Tensor Algebra Compiler,Fredrik Kjolstad and Shoaib Kamil and Stephen Chou and David Lugato and Saman Amarasinghe,2017,article,https://doi.org/10.1145/3133901,2026-09-19,"official DOI, publisher, preprint, or author record used for metadata; source not redistributed",manuscript bibliography and related-work comparison,no
chou2018format,Format Abstraction for Sparse Tensor Algebra Compilers,Stephen Chou and Fredrik Kjolstad and Saman Amarasinghe,2018,article,https://doi.org/10.1145/3276493,2026-09-19,"official DOI, publisher, preprint, or author record used for metadata; source not redistributed",manuscript bibliography and related-work comparison,no
bik2022mlir,Compiler Support for Sparse Tensor Computations in {MLIR},Aart J. C. Bik and Penporn Koanantakool and Tatiana Shpeisman and Nicolas Vasilache and Bixia Zheng and Fredrik Kjolstad,2022,article,https://doi.org/10.1145/3544559,2026-09-19,"official DOI, publisher, preprint, or author record used for metadata; source not redistributed",manuscript bibliography and related-work comparison,no
raje2024const,{CoNST}: Code Generator for Sparse Tensor Networks,Saurabh Raje and Yufan Xu and Atanas Rountev and Edward F. Valeev and P. Sadayappan,2024,article,https://doi.org/10.1145/3689342,2026-09-19,"official DOI, publisher, preprint, or author record used for metadata; source not redistributed",manuscript bibliography and related-work comparison,no
chelini2019tactics,Declarative Loop Tactics for Domain-Specific Optimization,Lorenzo Chelini and Oleksandr Zinenko and Tobias Grosser and Henk Corporaal,2019,article,https://doi.org/10.1145/3372266,2026-09-19,"official DOI, publisher, preprint, or author record used for metadata; source not redistributed",manuscript bibliography and related-work comparison,no
hsu2025stardust,{Stardust}: Compiling Sparse Tensor Algebra to a Reconfigurable Dataflow Architecture,Olivia Hsu and Alexander Rucker and Tian Zhao and Varun Desai and Kunle Olukotun and Fredrik Kjolstad,2025,inproceedings,https://doi.org/10.1145/3696443.3708918,2026-09-19,"official DOI, publisher, preprint, or author record used for metadata; source not redistributed",manuscript bibliography and related-work comparison,no
eisenhofer2026layout,Tensor Seeks Layout: Formalizing Layout Selection for {ML} Compilers,Clemens Eisenhofer and Yuwen Jia and Daniel Kroening and Sergey Pupyrev,2026,misc,https://doi.org/10.48550/arXiv.2608.21555,2026-09-19,"official DOI, publisher, preprint, or author record used for metadata; source not redistributed",manuscript bibliography and related-work comparison,no
zhu2026locality,Fully Symbolic Analysis of Loop Locality: Using Imaginary Reuse To Infer Real Performance,Yifan Zhu and Yekai Pan and Chen Ding and Yanghui Wu,2026,misc,https://doi.org/10.48550/arXiv.2603.10196,2026-09-19,"official DOI, publisher, preprint, or author record used for metadata; source not redistributed",manuscript bibliography and related-work comparison,no
chen2017eyeriss,{Eyeriss}: An Energy-Efficient Reconfigurable Accelerator for Deep Convolutional Neural Networks,Yu-Hsin Chen and Tushar Krishna and Joel S. Emer and Vivienne Sze,2017,article,https://doi.org/10.1109/JSSC.2016.2616357,2026-09-19,"official DOI, publisher, preprint, or author record used for metadata; source not redistributed",manuscript bibliography and related-work comparison,no
han2016eie,{EIE}: Efficient Inference Engine on Compressed Deep Neural Network,Song Han and Xingyu Liu and Huizi Mao and Jing Pu and Ardavan Pedram and Mark A. Horowitz and William J. Dally,2016,inproceedings,https://doi.org/10.1109/ISCA.2016.30,2026-09-19,"official DOI, publisher, preprint, or author record used for metadata; source not redistributed",manuscript bibliography and related-work comparison,no
albericio2016cnvlutin,{Cnvlutin}: Ineffectual-Neuron-Free Deep Neural Network Computing,Jorge Albericio and Patrick Judd and Tayler Hetherington and Tor M. Aamodt and Natalie Enright Jerger and Andreas Moshovos,2016,inproceedings,https://doi.org/10.1109/ISCA.2016.11,2026-09-19,"official DOI, publisher, preprint, or author record used for metadata; source not redistributed",manuscript bibliography and related-work comparison,no
zhang2016cambriconx,{Cambricon-X}: An Accelerator for Sparse Neural Networks,Shijin Zhang and Zidong Du and Lei Zhang and Huiying Lan and Shaoli Liu and Ling Li and Qi Guo and Tianshi Chen and Yunji Chen,2016,inproceedings,https://doi.org/10.1109/MICRO.2016.7783723,2026-09-19,"official DOI, publisher, preprint, or author record used for metadata; source not redistributed",manuscript bibliography and related-work comparison,no
parashar2017scnn,{SCNN}: An Accelerator for Compressed-sparse Convolutional Neural Networks,Angshuman Parashar and Minsoo Rhu and Anurag Mukkara and Antonio Puglielli and Rangharajan Venkatesan and Brucek Khailany and Joel Emer and Stephen W. Keckler and William J. Dally,2017,inproceedings,https://doi.org/10.1145/3079856.3080254,2026-09-19,"official DOI, publisher, preprint, or author record used for metadata; source not redistributed",manuscript bibliography and related-work comparison,no
pal2018outerspace,{OuterSPACE}: An Outer Product Based Sparse Matrix Multiplication Accelerator,Subhankar Pal and Jonathan Beaumont and Dong Hyeon Park and Aporva Amarnath and Siying Feng and Chaitali Chakrabarti and Hun-Seok Kim and David Blaauw and Trevor Mudge and Ronald Dreslinski,2018,inproceedings,https://doi.org/10.1109/HPCA.2018.00067,2026-09-19,"official DOI, publisher, preprint, or author record used for metadata; source not redistributed",manuscript bibliography and related-work comparison,no
hegde2019extensor,{ExTensor}: An Accelerator for Sparse Tensor Algebra,Kartik Hegde and Hadi Asghari-Moghaddam and Michael Pellauer and Neal Crago and Aamer Jaleel and Edgar Solomonik and Joel Emer and Christopher W. Fletcher,2019,inproceedings,https://doi.org/10.1145/3352460.3358275,2026-09-19,"official DOI, publisher, preprint, or author record used for metadata; source not redistributed",manuscript bibliography and related-work comparison,no
qin2020sigma,{SIGMA}: A Sparse and Irregular {GEMM} Accelerator with Flexible Interconnects,Eric Qin and Ananda Samajdar and Hyoukjun Kwon and Vineet Nadella and Sudarshan Srinivasan and Dipankar Das and Bharat Kaul and Tushar Krishna,2020,inproceedings,https://doi.org/10.1109/HPCA47549.2020.00015,2026-09-19,"official DOI, publisher, preprint, or author record used for metadata; source not redistributed",manuscript bibliography and related-work comparison,no
zhang2020sparch,{SpArch}: Efficient Architecture for Sparse Matrix Multiplication,Zhekai Zhang and Hanrui Wang and Song Han and William J. Dally,2020,inproceedings,https://doi.org/10.1109/HPCA47549.2020.00030,2026-09-19,"official DOI, publisher, preprint, or author record used for metadata; source not redistributed",manuscript bibliography and related-work comparison,no
zhang2021gamma,{GAMMA}: Leveraging {Gustavson}'s Algorithm to Accelerate Sparse Matrix Multiplication,Guowei Zhang and Nithya Attaluri and Joel S. Emer and Daniel Sanchez,2021,inproceedings,https://doi.org/10.1145/3445814.3446702,2026-09-19,"official DOI, publisher, preprint, or author record used for metadata; source not redistributed",manuscript bibliography and related-work comparison,no
rucker2021capstan,{Capstan}: A Vector {RDA} for Sparsity,Alexander Rucker and Matthew Vilim and Tian Zhao and Yaqi Zhang and Raghu Prabhakar and Kunle Olukotun,2021,inproceedings,https://doi.org/10.1145/3466752.3480047,2026-09-21,"official DOI, publisher, preprint, or author record used for metadata; source not redistributed",manuscript bibliography and related-work comparison,no
parashar2019timeloop,{Timeloop}: A Systematic Approach to {DNN} Accelerator Evaluation,Angshuman Parashar and Priyanka Raina and Yakun Sophia Shao and Yu-Hsin Chen and Victor A. Ying and Anurag Mukkara and Rangharajan Venkatesan and Brucek Khailany and Stephen W. Keckler and Joel Emer,2019,inproceedings,https://doi.org/10.1109/ISPASS.2019.00042,2026-09-19,"official DOI, publisher, preprint, or author record used for metadata; source not redistributed",manuscript bibliography and related-work comparison,no
wu2019accelergy,{Accelergy}: An Architecture-Level Energy Estimation Methodology for Accelerator Designs,Yannan Nellie Wu and Joel S. Emer and Vivienne Sze,2019,inproceedings,https://doi.org/10.1109/ICCAD45719.2019.8942149,2026-09-19,"official DOI, publisher, preprint, or author record used for metadata; source not redistributed",manuscript bibliography and related-work comparison,no
kwon2020maestro,"{MAESTRO}: A Data-Centric Approach to Understand Reuse, Performance, and Hardware Cost of {DNN} Mappings",Hyoukjun Kwon and Prasanth Chatarasi and Vivek Sarkar and Tushar Krishna and Michael Pellauer and Angshuman Parashar,2020,article,https://doi.org/10.1109/MM.2020.2985963,2026-09-19,"official DOI, publisher, preprint, or author record used for metadata; source not redistributed",manuscript bibliography and related-work comparison,no
yang2020interstellar,{Interstellar}: Using {Halide}'s Scheduling Language to Analyze {DNN} Accelerators,Xuan Yang and Mingyu Gao and Qiaoyi Liu and Jeff Setter and Jing Pu and Ankita Nayak and Steven Bell and Kaidi Cao and Heonjae Ha and Priyanka Raina and Christos Kozyrakis and Mark Horowitz,2020,inproceedings,https://doi.org/10.1145/3373376.3378514,2026-09-19,"official DOI, publisher, preprint, or author record used for metadata; source not redistributed",manuscript bibliography and related-work comparison,no
prabhakar2017plasticine,{Plasticine}: A Reconfigurable Architecture for Parallel Patterns,Raghu Prabhakar and Yaqi Zhang and David Koeplinger and Matthew Feldman and Tian Zhao and Stefan Hadjis and Ardavan Pedram and Christos Kozyrakis and Kunle Olukotun,2017,inproceedings,https://doi.org/10.1145/3079856.3080256,2026-09-19,"official DOI, publisher, preprint, or author record used for metadata; source not redistributed",manuscript bibliography and related-work comparison,no
hsu2023sam,The Sparse Abstract Machine,Olivia Hsu and Maxwell Strange and Ritvik Sharma and Jaeyeon Won and Kunle Olukotun and Joel S. Emer and Mark A. Horowitz and Fredrik Kjolstad,2023,inproceedings,https://doi.org/10.1145/3582016.3582051,2026-09-19,"official DOI, publisher, preprint, or author record used for metadata; source not redistributed",manuscript bibliography and related-work comparison,no
bansal2023mosaic,{Mosaic}: An Interoperable Compiler for Tensor Algebra,Manya Bansal and Olivia Hsu and Kunle Olukotun and Fredrik Kjolstad,2023,article,https://doi.org/10.1145/3591236,2026-09-19,"official DOI, publisher, preprint, or author record used for metadata; source not redistributed",manuscript bibliography and related-work comparison,no
liu2024unisparse,{UniSparse}: An Intermediate Language for General Sparse Format Customization,Jie Liu and Zhongyuan Zhao and Zijian Ding and Benjamin Brock and Hongbo Rong and Zhiru Zhang,2024,article,https://doi.org/10.1145/3649816,2026-09-19,"official DOI, publisher, preprint, or author record used for metadata; source not redistributed",manuscript bibliography and related-work comparison,no
dias2022sparselnr,{SparseLNR}: Accelerating Sparse Tensor Computations Using Loop Nest Restructuring,Adhitha Dias and Kirshanthan Sundararajah and Charitha Saumya and Milind Kulkarni,2022,inproceedings,https://doi.org/10.1145/3524059.3532386,2026-09-19,"official DOI, publisher, preprint, or author record used for metadata; source not redistributed",manuscript bibliography and related-work comparison,no
dias2024sparseauto,{SparseAuto}: An Auto-Scheduler for Sparse Tensor Computations Using Recursive Loop Nest Restructuring,Adhitha Dias and Logan Anderson and Kirshanthan Sundararajah and Artem Pelenitsyn and Milind Kulkarni,2024,article,https://doi.org/10.1145/3689730,2026-09-19,"official DOI, publisher, preprint, or author record used for metadata; source not redistributed",manuscript bibliography and related-work comparison,no
ghorbani2024dastac,Compressing Structured Tensor Algebra,Mahdi Ghorbani and Emilien Bauer and Tobias Grosser and Amir Shaikhha,2024,misc,https://doi.org/10.48550/arXiv.2407.13726,2026-09-19,"official DOI, publisher, preprint, or author record used for metadata; source not redistributed",manuscript bibliography and related-work comparison,no
zhang2023sgap,{Sgap}: Towards Efficient Sparse Tensor Algebra Compilation for {GPU},Genghan Zhang and Yuetong Zhao and Yanting Tao and Zhongming Yu and Guohao Dai and Sitao Huang and Yuan Wen and Pavlos Petoumenos and Yu Wang,2023,article,https://doi.org/10.1007/s42514-023-00140-4,2026-09-19,"official DOI, publisher, preprint, or author record used for metadata; source not redistributed",manuscript bibliography and related-work comparison,no
ye2023sparsetir,{SparseTIR}: Composable Abstractions for Sparse Compilation in Deep Learning,Zihao Ye and Ruihang Lai and Junru Shao and Tianqi Chen and Luis Ceze,2023,inproceedings,https://doi.org/10.1145/3582016.3582047,2026-09-19,"official DOI, publisher, preprint, or author record used for metadata; source not redistributed",manuscript bibliography and related-work comparison,no
chou2020conversion,Automatic Generation of Efficient Sparse Tensor Format Conversion Routines,Stephen Chou and Fredrik Kjolstad and Saman Amarasinghe,2020,inproceedings,https://doi.org/10.1145/3385412.3385963,2026-09-19,"official DOI, publisher, preprint, or author record used for metadata; source not redistributed",manuscript bibliography and related-work comparison,no
kjolstad2019workspaces,Tensor Algebra Compilation with Workspaces,Fredrik Kjolstad and Willow Ahrens and Shoaib Kamil and Saman Amarasinghe,2019,inproceedings,https://doi.org/10.1109/CGO.2019.8661185,2026-09-19,"official DOI, publisher, preprint, or author record used for metadata; source not redistributed",manuscript bibliography and related-work comparison,no
ahrens2023looplets,{Looplets}: A Language for Structured Coiteration,Willow Ahrens and Daniel Donenfeld and Fredrik Kjolstad and Saman Amarasinghe,2023,inproceedings,https://doi.org/10.1145/3579990.3580020,2026-09-19,"official DOI, publisher, preprint, or author record used for metadata; source not redistributed",manuscript bibliography and related-work comparison,no
zhao2023polyhedral,Polyhedral Specification and Code Generation of Sparse Tensor Contraction with Co-Iteration,Tuowen Zhao and Tobi Popoola and Mary Hall and Catherine Olschanowsky and Michelle Mills Strout,2023,article,https://doi.org/10.1145/3566054,2026-09-19,"official DOI, publisher, preprint, or author record used for metadata; source not redistributed",manuscript bibliography and related-work comparison,no
soltaniyeh2022systolic,An Accelerator for Sparse Convolutional Neural Networks Leveraging Systolic General Matrix-Matrix Multiplication,Mohammadreza Soltaniyeh and Richard P. Martin and Santosh Nagarakatte,2022,article,https://doi.org/10.1145/3532863,2026-09-19,"official DOI, publisher, preprint, or author record used for metadata; source not redistributed",manuscript bibliography and related-work comparison,no
ferrari2023sconv,Advancing Direct Convolution Using Convolution Slicing Optimization and {ISA} Extensions,Victor Ferrari and Rafael Sousa,2023,article,https://doi.org/10.1145/3625004,2026-09-19,"official DOI, publisher, preprint, or author record used for metadata; source not redistributed",manuscript bibliography and related-work comparison,no
yuan2026tilemind,A Decoupled Analytical Model for Tile Size Selection in Affine Programs,Shihan Yuan and Zuoyan Zhang and Guanghui Song and Junhui Peng and Feng Wang and Zhuo Tang and Kenli Li and Jie Zhao,2026,article,https://doi.org/10.1145/3806056,2026-09-19,"official DOI, publisher, preprint, or author record used for metadata; source not redistributed",manuscript bibliography and related-work comparison,no
leroy2009compcert,Formal Verification of a Realistic Compiler,Xavier Leroy,2009,article,https://doi.org/10.1145/1538788.1538814,2026-09-19,"official DOI, publisher, preprint, or author record used for metadata; source not redistributed",manuscript bibliography and related-work comparison,no
pnueli1998translation,Translation Validation,Amir Pnueli and Michael Siegel and Eli Singerman,1998,inproceedings,https://doi.org/10.1007/BFb0054170,2026-09-19,"official DOI, publisher, preprint, or author record used for metadata; source not redistributed",manuscript bibliography and related-work comparison,no
lopes2015alive,Provably Correct Peephole Optimizations with {Alive},Nuno P. Lopes and David Menendez and Santosh Nagarakatte and John Regehr,2015,inproceedings,https://doi.org/10.1145/2737924.2737965,2026-09-19,"official DOI, publisher, preprint, or author record used for metadata; source not redistributed",manuscript bibliography and related-work comparison,no
lopes2021alive2,{Alive2}: Bounded Translation Validation for {LLVM},Nuno P. Lopes and Juneyoung Lee and Chung-Kil Hur and Zhengyang Liu and John Regehr,2021,inproceedings,https://doi.org/10.1145/3453483.3454030,2026-09-19,"official DOI, publisher, preprint, or author record used for metadata; source not redistributed",manuscript bibliography and related-work comparison,no
zhao2012vellvm,Formalizing the {LLVM} Intermediate Representation for Verified Program Transformations,Jianzhou Zhao and Santosh Nagarakatte and Milo M. K. Martin and Steve Zdancewic,2012,inproceedings,https://doi.org/10.1145/2103656.2103709,2026-09-19,"official DOI, publisher, preprint, or author record used for metadata; source not redistributed",manuscript bibliography and related-work comparison,no
necula1997pcc,Proof-Carrying Code,George C. Necula,1997,inproceedings,https://doi.org/10.1145/263699.263712,2026-09-19,"official DOI, publisher, preprint, or author record used for metadata; source not redistributed",manuscript bibliography and related-work comparison,no
necula1998certifying,The Design and Implementation of a Certifying Compiler,George C. Necula and Peter Lee,1998,inproceedings,https://doi.org/10.1145/277650.277752,2026-09-19,"official DOI, publisher, preprint, or author record used for metadata; source not redistributed",manuscript bibliography and related-work comparison,no
willsey2021egg,{egg}: Fast and Extensible Equality Saturation,Max Willsey and Chandrakana Nandi and Yisu Remy Wang and Oliver Flatt and Zachary Tatlock and Pavel Panchekha,2021,article,https://doi.org/10.1145/3434304,2026-09-19,"official DOI, publisher, preprint, or author record used for metadata; source not redistributed",manuscript bibliography and related-work comparison,no
tate2009equality,Equality Saturation: A New Approach to Optimization,Ross Tate and Michael Stepp and Zachary Tatlock and Sorin Lerner,2009,inproceedings,https://doi.org/10.1145/1480881.1480915,2026-09-19,"official DOI, publisher, preprint, or author record used for metadata; source not redistributed",manuscript bibliography and related-work comparison,no
hong1981redblue,I/O Complexity: The Red-Blue Pebble Game,Jia-Wei Hong and H. T. Kung,1981,inproceedings,https://doi.org/10.1145/800076.802486,2026-09-19,"official DOI, publisher, preprint, or author record used for metadata; source not redistributed",manuscript bibliography and related-work comparison,no
aggarwal1988io,The Input/Output Complexity of Sorting and Related Problems,Alok Aggarwal and Jeffrey S. Vitter,1988,article,https://doi.org/10.1145/48529.48535,2026-09-19,"official DOI, publisher, preprint, or author record used for metadata; source not redistributed",manuscript bibliography and related-work comparison,no
ragankelley2013halide,"{Halide}: A Language and Compiler for Optimizing Parallelism, Locality, and Recomputation in Image Processing Pipelines",Jonathan Ragan-Kelley and Connelly Barnes and Andrew Adams and Sylvain Paris and Fr{\'e}do Durand and Saman Amarasinghe,2013,inproceedings,https://doi.org/10.1145/2491956.2462176,2026-09-19,"official DOI, publisher, preprint, or author record used for metadata; source not redistributed",manuscript bibliography and related-work comparison,no
chen2018tvm,{TVM}: An Automated End-to-End Optimizing Compiler for Deep Learning,Tianqi Chen and Thierry Moreau and Ziheng Jiang and Lianmin Zheng and Eddie Yan and Haichen Shen and Meghan Cowan and Leyuan Wang and Yuwei Hu and Luis Ceze and Carlos Guestrin and Arvind Krishnamurthy,2018,inproceedings,https://www.usenix.org/conference/osdi18/presentation/chen,2026-09-19,"official DOI, publisher, preprint, or author record used for metadata; source not redistributed",manuscript bibliography and related-work comparison,no
zheng2020ansor,{Ansor}: Generating High-Performance Tensor Programs for Deep Learning,Lianmin Zheng and Chengfan Jia and Minmin Sun and Zhao Wu and Cody Hao Yu and Ameer Haj-Ali and Yida Wang and Jun Yang and Danyang Zhuo and Koushik Sen and Joseph E. Gonzalez and Ion Stoica,2020,inproceedings,https://www.usenix.org/conference/osdi20/presentation/zheng,2026-09-19,"official DOI, publisher, preprint, or author record used for metadata; source not redistributed",manuscript bibliography and related-work comparison,no
bondhugula2008pluto,A Practical Automatic Polyhedral Parallelizer and Locality Optimizer,Uday Bondhugula and Albert Hartono and J. Ramanujam and P. Sadayappan,2008,inproceedings,https://doi.org/10.1145/1375581.1375595,2026-09-19,"official DOI, publisher, preprint, or author record used for metadata; source not redistributed",manuscript bibliography and related-work comparison,no
feautrier1992affine,Some Efficient Solutions to the Affine Scheduling Problem. Part I: One-Dimensional Time,Paul Feautrier,1992,article,https://doi.org/10.1007/BF01407835,2026-09-19,"official DOI, publisher, preprint, or author record used for metadata; source not redistributed",manuscript bibliography and related-work comparison,no
lattner2021mlir,{MLIR}: Scaling Compiler Infrastructure for Domain Specific Computation,Chris Lattner and Jacques Pienaar and Mehdi Amini and Uday Bondhugula and River Riddle and Tatiana Shpeisman and Nicolas Vasilache and Oleksandr Zinenko,2021,inproceedings,https://doi.org/10.1109/CGO51591.2021.9370308,2026-09-19,"official DOI, publisher, preprint, or author record used for metadata; source not redistributed",manuscript bibliography and related-work comparison,no
lattner2004llvm,{LLVM}: A Compilation Framework for Lifelong Program Analysis and Transformation,Chris Lattner and Vikram Adve,2004,inproceedings,https://doi.org/10.1109/CGO.2004.1281665,2026-09-19,"official DOI, publisher, preprint, or author record used for metadata; source not redistributed",manuscript bibliography and related-work comparison,no
bryant1986bdd,Graph-Based Algorithms for Boolean Function Manipulation,Randal E. Bryant,1986,article,https://doi.org/10.1109/TC.1986.1676819,2026-09-19,"official DOI, publisher, preprint, or author record used for metadata; source not redistributed",manuscript bibliography and related-work comparison,no
arnborg1987treewidth,Complexity of Finding Embeddings in a $k$-Tree,Stefan Arnborg and Derek G. Corneil and Andrzej Proskurowski,1987,article,https://doi.org/10.1137/0608024,2026-09-19,"official DOI, publisher, preprint, or author record used for metadata; source not redistributed",manuscript bibliography and related-work comparison,no
verdoolaege2013ppcg,Polyhedral Parallel Code Generation for CUDA,Sven Verdoolaege and Juan Carlos Juega and Albert Cohen and José Ignacio Gómez and Christian Tenllado and Francky Catthoor,2013,article,https://doi.org/10.1145/2400682.2400713,2026-09-19,official DOI or publisher record used for metadata; source not redistributed,venue calibration matrix only,no
wang2014opencl,Automatic and Portable Mapping of Data Parallel Programs to OpenCL for GPU-Based Heterogeneous Systems,Zheng Wang and Dominik Grewe and Michael F. P. O’Boyle,2014,article,https://doi.org/10.1145/2677036,2026-09-19,official DOI or publisher record used for metadata; source not redistributed,venue calibration matrix only,no
baroudi2017packed,Optimization of Triangular and Banded Matrix Operations Using 2d-Packed Layouts,Toufik Baroudi and Rachid Seghir and Vincent Loechner,2017,article,https://doi.org/10.1145/3162016,2026-09-19,official DOI or publisher record used for metadata; source not redistributed,venue calibration matrix only,no
isaac2024sparse_survey,Dedicated Hardware Accelerators for Processing of Sparse Matrices and Vectors: A Survey,Valentin Isaac-Chassande and Adrian Evans and Yves Durand and Frédéric Rousseau,2024,article,https://doi.org/10.1145/3640542,2026-09-19,official DOI or publisher record used for metadata; source not redistributed,venue calibration matrix only,no
fan2024utilization,Improving Utilization of Dataflow Unit for Multi-Batch Processing,Zhihua Fan and Wenming Li and Zhen Wang and Yu Yang and Xiaochun Ye and Dongrui Fan and Ninghui Sun and Xuejun An,2024,article,https://doi.org/10.1145/3637906,2026-09-19,official DOI or publisher record used for metadata; source not redistributed,venue calibration matrix only,no
cicek2017relational,Relational Cost Analysis,Ezgi Çiçek and Gilles Barthe and Marco Gaboardi and Deepak Garg and Jan Hoffmann,2017,inproceedings,https://doi.org/10.1145/3009837.3009858,2026-09-21,official DOI and ACM record used for metadata and claim scope; source not redistributed,manuscript bibliography and direct relational-cost comparison,no
bao2018cache,Analytical Modeling of Cache Behavior for Affine Programs,Wenlei Bao and Sriram Krishnamoorthy and Louis-Noël Pouchet and P. Sadayappan,2018,article,https://doi.org/10.1145/3158120,2026-09-21,official DOI and institutional publication record used for metadata and claim scope; source not redistributed,manuscript bibliography and exact-cache-model comparison,no
gysi2019haystack,A Fast Analytical Model of Fully Associative Caches,Tobias Gysi and Tobias Grosser and Laurin Brandner and Torsten Hoefler,2019,inproceedings,https://doi.org/10.1145/3314221.3314606,2026-09-21,official DOI and university publication record used for metadata and claim scope; source not redistributed,manuscript bibliography and analytical-cache-model comparison,no
shah2023bullseye,BullsEye: Scalable and Accurate Approximation Framework for Cache Miss Calculation,Nilesh Rajendra Shah and Ashitabh Misra and Antoine Miné and Rakesh Venkat and Ramakrishna Upadrasta,2023,article,https://doi.org/10.1145/3558003,2026-09-21,official DOI and author artifact citation used for metadata and claim scope; source not redistributed,manuscript bibliography and approximate-cache-analysis comparison,no
