resource_id,bibliography_role,metadata_status,metadata_source,identifier,substantive_scope_checked,checked_date,notes
wu2022sparseloop,manuscript-cited,doi-and-official-record-checked,https://doi.org/10.1109/MICRO56248.2022.00096,10.1109/MICRO56248.2022.00096,"full paper or lawful author copy used for structural calibration; final audit rechecked title, authors, year, venue role, and identifier",2026-09-19,Metadata verification records source identity and relevance; it is not a claim of independent experimental replication or source redistribution.
sharma2025d2t2,manuscript-cited,doi-and-official-record-checked,https://doi.org/10.1145/3725843.3756095,10.1145/3725843.3756095,"full paper or lawful author copy used for structural calibration; final audit rechecked title, authors, year, venue role, and identifier",2026-09-19,Metadata verification records source identity and relevance; it is not a claim of independent experimental replication or source redistribution.
liu2026atl,manuscript-cited,doi-and-official-record-checked,https://doi.org/10.1145/3808261,10.1145/3808261,"full paper or lawful author copy used for structural calibration; final audit rechecked title, authors, year, venue role, and identifier",2026-09-19,Metadata verification records source identity and relevance; it is not a claim of independent experimental replication or source redistribution.
chakrabarty2015coverage,manuscript-cited,doi-and-official-record-checked,https://doi.org/10.1137/140964072,10.1137/140964072,cited claim context and bibliographic metadata checked; this row does not claim independent replication,2026-09-19,Metadata verification records source identity and relevance; it is not a claim of independent experimental replication or source redistribution.
dechter1999bucket,manuscript-cited,doi-and-official-record-checked,https://doi.org/10.1016/S0004-3702(99)00059-4,10.1016/S0004-3702(99)00059-4,cited claim context and bibliographic metadata checked; this row does not claim independent replication,2026-09-19,Metadata verification records source identity and relevance; it is not a claim of independent experimental replication or source redistribution.
garey1976simplified,manuscript-cited,doi-and-official-record-checked,https://doi.org/10.1016/0304-3975(76)90059-1,10.1016/0304-3975(76)90059-1,cited claim context and bibliographic metadata checked; this row does not claim independent replication,2026-09-19,Metadata verification records source identity and relevance; it is not a claim of independent experimental replication or source redistribution.
sze2017survey,manuscript-cited,doi-and-official-record-checked,https://doi.org/10.1109/JPROC.2017.2761740,10.1109/JPROC.2017.2761740,cited claim context and bibliographic metadata checked; this row does not claim independent replication,2026-09-19,Metadata verification records source identity and relevance; it is not a claim of independent experimental replication or source redistribution.
gilbert2024looptree,manuscript-cited,doi-and-official-record-checked,https://doi.org/10.1109/TCASAI.2024.3461716,10.1109/TCASAI.2024.3461716,cited claim context and bibliographic metadata checked; this row does not claim independent replication,2026-09-19,Metadata verification records source identity and relevance; it is not a claim of independent experimental replication or source redistribution.
ahrens2022asymptotic,manuscript-cited,doi-and-official-record-checked,https://doi.org/10.1145/3519939.3523442,10.1145/3519939.3523442,cited claim context and bibliographic metadata checked; this row does not claim independent replication,2026-09-19,Metadata verification records source identity and relevance; it is not a claim of independent experimental replication or source redistribution.
wu2020pim,manuscript-cited,doi-and-official-record-checked,https://doi.org/10.1109/ISPASS48437.2020.00024,10.1109/ISPASS48437.2020.00024,cited claim context and bibliographic metadata checked; this row does not claim independent replication,2026-09-19,Metadata verification records source identity and relevance; it is not a claim of independent experimental replication or source redistribution.
kjolstad2017taco,manuscript-cited,doi-and-official-record-checked,https://doi.org/10.1145/3133901,10.1145/3133901,"full paper or lawful author copy used for structural calibration; final audit rechecked title, authors, year, venue role, and identifier",2026-09-19,Metadata verification records source identity and relevance; it is not a claim of independent experimental replication or source redistribution.
chou2018format,manuscript-cited,doi-and-official-record-checked,https://doi.org/10.1145/3276493,10.1145/3276493,"full paper or lawful author copy used for structural calibration; final audit rechecked title, authors, year, venue role, and identifier",2026-09-19,Metadata verification records source identity and relevance; it is not a claim of independent experimental replication or source redistribution.
bik2022mlir,manuscript-cited,doi-and-official-record-checked,https://doi.org/10.1145/3544559,10.1145/3544559,"full paper or lawful author copy used for structural calibration; final audit rechecked title, authors, year, venue role, and identifier",2026-09-19,Metadata verification records source identity and relevance; it is not a claim of independent experimental replication or source redistribution.
raje2024const,manuscript-cited,doi-and-official-record-checked,https://doi.org/10.1145/3689342,10.1145/3689342,"full paper or lawful author copy used for structural calibration; final audit rechecked title, authors, year, venue role, and identifier",2026-09-19,Metadata verification records source identity and relevance; it is not a claim of independent experimental replication or source redistribution.
chelini2019tactics,manuscript-cited,doi-and-official-record-checked,https://doi.org/10.1145/3372266,10.1145/3372266,"full paper or lawful author copy used for structural calibration; final audit rechecked title, authors, year, venue role, and identifier",2026-09-19,Metadata verification records source identity and relevance; it is not a claim of independent experimental replication or source redistribution.
hsu2025stardust,manuscript-cited,doi-and-official-record-checked,https://doi.org/10.1145/3696443.3708918,10.1145/3696443.3708918,"full paper or lawful author copy used for structural calibration; final audit rechecked title, authors, year, venue role, and identifier",2026-09-19,Metadata verification records source identity and relevance; it is not a claim of independent experimental replication or source redistribution.
eisenhofer2026layout,manuscript-cited,doi-and-official-record-checked,https://doi.org/10.48550/arXiv.2608.21555,10.48550/arXiv.2608.21555,cited claim context and bibliographic metadata checked; this row does not claim independent replication,2026-09-19,Metadata verification records source identity and relevance; it is not a claim of independent experimental replication or source redistribution.
zhu2026locality,manuscript-cited,doi-and-official-record-checked,https://doi.org/10.48550/arXiv.2603.10196,10.48550/arXiv.2603.10196,cited claim context and bibliographic metadata checked; this row does not claim independent replication,2026-09-19,Metadata verification records source identity and relevance; it is not a claim of independent experimental replication or source redistribution.
chen2017eyeriss,manuscript-cited,doi-and-official-record-checked,https://doi.org/10.1109/JSSC.2016.2616357,10.1109/JSSC.2016.2616357,cited claim context and bibliographic metadata checked; this row does not claim independent replication,2026-09-19,Metadata verification records source identity and relevance; it is not a claim of independent experimental replication or source redistribution.
han2016eie,manuscript-cited,doi-and-official-record-checked,https://doi.org/10.1109/ISCA.2016.30,10.1109/ISCA.2016.30,cited claim context and bibliographic metadata checked; this row does not claim independent replication,2026-09-19,Metadata verification records source identity and relevance; it is not a claim of independent experimental replication or source redistribution.
albericio2016cnvlutin,manuscript-cited,doi-and-official-record-checked,https://doi.org/10.1109/ISCA.2016.11,10.1109/ISCA.2016.11,cited claim context and bibliographic metadata checked; this row does not claim independent replication,2026-09-19,Metadata verification records source identity and relevance; it is not a claim of independent experimental replication or source redistribution.
zhang2016cambriconx,manuscript-cited,doi-and-official-record-checked,https://doi.org/10.1109/MICRO.2016.7783723,10.1109/MICRO.2016.7783723,cited claim context and bibliographic metadata checked; this row does not claim independent replication,2026-09-19,Metadata verification records source identity and relevance; it is not a claim of independent experimental replication or source redistribution.
parashar2017scnn,manuscript-cited,doi-and-official-record-checked,https://doi.org/10.1145/3079856.3080254,10.1145/3079856.3080254,cited claim context and bibliographic metadata checked; this row does not claim independent replication,2026-09-19,Metadata verification records source identity and relevance; it is not a claim of independent experimental replication or source redistribution.
pal2018outerspace,manuscript-cited,doi-and-official-record-checked,https://doi.org/10.1109/HPCA.2018.00067,10.1109/HPCA.2018.00067,cited claim context and bibliographic metadata checked; this row does not claim independent replication,2026-09-19,Metadata verification records source identity and relevance; it is not a claim of independent experimental replication or source redistribution.
hegde2019extensor,manuscript-cited,doi-and-official-record-checked,https://doi.org/10.1145/3352460.3358275,10.1145/3352460.3358275,cited claim context and bibliographic metadata checked; this row does not claim independent replication,2026-09-19,Metadata verification records source identity and relevance; it is not a claim of independent experimental replication or source redistribution.
qin2020sigma,manuscript-cited,doi-and-official-record-checked,https://doi.org/10.1109/HPCA47549.2020.00015,10.1109/HPCA47549.2020.00015,cited claim context and bibliographic metadata checked; this row does not claim independent replication,2026-09-19,Metadata verification records source identity and relevance; it is not a claim of independent experimental replication or source redistribution.
zhang2020sparch,manuscript-cited,doi-and-official-record-checked,https://doi.org/10.1109/HPCA47549.2020.00030,10.1109/HPCA47549.2020.00030,cited claim context and bibliographic metadata checked; this row does not claim independent replication,2026-09-19,Metadata verification records source identity and relevance; it is not a claim of independent experimental replication or source redistribution.
zhang2021gamma,manuscript-cited,doi-and-official-record-checked,https://doi.org/10.1145/3445814.3446702,10.1145/3445814.3446702,cited claim context and bibliographic metadata checked; this row does not claim independent replication,2026-09-19,Metadata verification records source identity and relevance; it is not a claim of independent experimental replication or source redistribution.
rucker2021capstan,manuscript-cited,doi-and-official-record-checked,https://doi.org/10.1145/3466752.3480047,10.1145/3466752.3480047,cited claim context and bibliographic metadata checked; this row does not claim independent replication,2026-09-21,Corrected during blind review: the prior .3480040 identifier was not Capstan; official ACM-aligned records identify .3480047. Identity and citation context rechecked.
parashar2019timeloop,manuscript-cited,doi-and-official-record-checked,https://doi.org/10.1109/ISPASS.2019.00042,10.1109/ISPASS.2019.00042,cited claim context and bibliographic metadata checked; this row does not claim independent replication,2026-09-19,Metadata verification records source identity and relevance; it is not a claim of independent experimental replication or source redistribution.
wu2019accelergy,manuscript-cited,doi-and-official-record-checked,https://doi.org/10.1109/ICCAD45719.2019.8942149,10.1109/ICCAD45719.2019.8942149,cited claim context and bibliographic metadata checked; this row does not claim independent replication,2026-09-19,Metadata verification records source identity and relevance; it is not a claim of independent experimental replication or source redistribution.
kwon2020maestro,manuscript-cited,doi-and-official-record-checked,https://doi.org/10.1109/MM.2020.2985963,10.1109/MM.2020.2985963,cited claim context and bibliographic metadata checked; this row does not claim independent replication,2026-09-19,Metadata verification records source identity and relevance; it is not a claim of independent experimental replication or source redistribution.
yang2020interstellar,manuscript-cited,doi-and-official-record-checked,https://doi.org/10.1145/3373376.3378514,10.1145/3373376.3378514,cited claim context and bibliographic metadata checked; this row does not claim independent replication,2026-09-19,Metadata verification records source identity and relevance; it is not a claim of independent experimental replication or source redistribution.
prabhakar2017plasticine,manuscript-cited,doi-and-official-record-checked,https://doi.org/10.1145/3079856.3080256,10.1145/3079856.3080256,cited claim context and bibliographic metadata checked; this row does not claim independent replication,2026-09-19,Metadata verification records source identity and relevance; it is not a claim of independent experimental replication or source redistribution.
hsu2023sam,manuscript-cited,doi-and-official-record-checked,https://doi.org/10.1145/3582016.3582051,10.1145/3582016.3582051,"full paper or lawful author copy used for structural calibration; final audit rechecked title, authors, year, venue role, and identifier",2026-09-19,Metadata verification records source identity and relevance; it is not a claim of independent experimental replication or source redistribution.
bansal2023mosaic,manuscript-cited,doi-and-official-record-checked,https://doi.org/10.1145/3591236,10.1145/3591236,"full paper or lawful author copy used for structural calibration; final audit rechecked title, authors, year, venue role, and identifier",2026-09-19,Metadata verification records source identity and relevance; it is not a claim of independent experimental replication or source redistribution.
liu2024unisparse,manuscript-cited,doi-and-official-record-checked,https://doi.org/10.1145/3649816,10.1145/3649816,cited claim context and bibliographic metadata checked; this row does not claim independent replication,2026-09-19,Metadata verification records source identity and relevance; it is not a claim of independent experimental replication or source redistribution.
dias2022sparselnr,manuscript-cited,doi-and-official-record-checked,https://doi.org/10.1145/3524059.3532386,10.1145/3524059.3532386,cited claim context and bibliographic metadata checked; this row does not claim independent replication,2026-09-19,Metadata verification records source identity and relevance; it is not a claim of independent experimental replication or source redistribution.
dias2024sparseauto,manuscript-cited,doi-and-official-record-checked,https://doi.org/10.1145/3689730,10.1145/3689730,cited claim context and bibliographic metadata checked; this row does not claim independent replication,2026-09-19,Metadata verification records source identity and relevance; it is not a claim of independent experimental replication or source redistribution.
ghorbani2024dastac,manuscript-cited,doi-and-official-record-checked,https://doi.org/10.48550/arXiv.2407.13726,10.48550/arXiv.2407.13726,cited claim context and bibliographic metadata checked; this row does not claim independent replication,2026-09-19,Metadata verification records source identity and relevance; it is not a claim of independent experimental replication or source redistribution.
zhang2023sgap,manuscript-cited,doi-and-official-record-checked,https://doi.org/10.1007/s42514-023-00140-4,10.1007/s42514-023-00140-4,cited claim context and bibliographic metadata checked; this row does not claim independent replication,2026-09-19,Metadata verification records source identity and relevance; it is not a claim of independent experimental replication or source redistribution.
ye2023sparsetir,manuscript-cited,doi-and-official-record-checked,https://doi.org/10.1145/3582016.3582047,10.1145/3582016.3582047,cited claim context and bibliographic metadata checked; this row does not claim independent replication,2026-09-19,Metadata verification records source identity and relevance; it is not a claim of independent experimental replication or source redistribution.
chou2020conversion,manuscript-cited,doi-and-official-record-checked,https://doi.org/10.1145/3385412.3385963,10.1145/3385412.3385963,cited claim context and bibliographic metadata checked; this row does not claim independent replication,2026-09-19,Metadata verification records source identity and relevance; it is not a claim of independent experimental replication or source redistribution.
kjolstad2019workspaces,manuscript-cited,doi-and-official-record-checked,https://doi.org/10.1109/CGO.2019.8661185,10.1109/CGO.2019.8661185,cited claim context and bibliographic metadata checked; this row does not claim independent replication,2026-09-19,Metadata verification records source identity and relevance; it is not a claim of independent experimental replication or source redistribution.
ahrens2023looplets,manuscript-cited,doi-and-official-record-checked,https://doi.org/10.1145/3579990.3580020,10.1145/3579990.3580020,cited claim context and bibliographic metadata checked; this row does not claim independent replication,2026-09-19,Metadata verification records source identity and relevance; it is not a claim of independent experimental replication or source redistribution.
zhao2023polyhedral,manuscript-cited,doi-and-official-record-checked,https://doi.org/10.1145/3566054,10.1145/3566054,"full paper or lawful author copy used for structural calibration; final audit rechecked title, authors, year, venue role, and identifier",2026-09-19,Metadata verification records source identity and relevance; it is not a claim of independent experimental replication or source redistribution.
soltaniyeh2022systolic,manuscript-cited,doi-and-official-record-checked,https://doi.org/10.1145/3532863,10.1145/3532863,"full paper or lawful author copy used for structural calibration; final audit rechecked title, authors, year, venue role, and identifier",2026-09-19,Metadata verification records source identity and relevance; it is not a claim of independent experimental replication or source redistribution.
ferrari2023sconv,manuscript-cited,doi-and-official-record-checked,https://doi.org/10.1145/3625004,10.1145/3625004,"full paper or lawful author copy used for structural calibration; final audit rechecked title, authors, year, venue role, and identifier",2026-09-19,Metadata verification records source identity and relevance; it is not a claim of independent experimental replication or source redistribution.
yuan2026tilemind,manuscript-cited,doi-and-official-record-checked,https://doi.org/10.1145/3806056,10.1145/3806056,"full paper or lawful author copy used for structural calibration; final audit rechecked title, authors, year, venue role, and identifier",2026-09-19,Metadata verification records source identity and relevance; it is not a claim of independent experimental replication or source redistribution.
leroy2009compcert,manuscript-cited,doi-and-official-record-checked,https://doi.org/10.1145/1538788.1538814,10.1145/1538788.1538814,"full paper or lawful author copy used for structural calibration; final audit rechecked title, authors, year, venue role, and identifier",2026-09-19,Metadata verification records source identity and relevance; it is not a claim of independent experimental replication or source redistribution.
pnueli1998translation,manuscript-cited,doi-and-official-record-checked,https://doi.org/10.1007/BFb0054170,10.1007/BFb0054170,cited claim context and bibliographic metadata checked; this row does not claim independent replication,2026-09-19,Metadata verification records source identity and relevance; it is not a claim of independent experimental replication or source redistribution.
lopes2015alive,manuscript-cited,doi-and-official-record-checked,https://doi.org/10.1145/2737924.2737965,10.1145/2737924.2737965,cited claim context and bibliographic metadata checked; this row does not claim independent replication,2026-09-19,Metadata verification records source identity and relevance; it is not a claim of independent experimental replication or source redistribution.
lopes2021alive2,manuscript-cited,doi-and-official-record-checked,https://doi.org/10.1145/3453483.3454030,10.1145/3453483.3454030,"full paper or lawful author copy used for structural calibration; final audit rechecked title, authors, year, venue role, and identifier",2026-09-19,Metadata verification records source identity and relevance; it is not a claim of independent experimental replication or source redistribution.
zhao2012vellvm,manuscript-cited,doi-and-official-record-checked,https://doi.org/10.1145/2103656.2103709,10.1145/2103656.2103709,cited claim context and bibliographic metadata checked; this row does not claim independent replication,2026-09-19,Metadata verification records source identity and relevance; it is not a claim of independent experimental replication or source redistribution.
necula1997pcc,manuscript-cited,doi-and-official-record-checked,https://doi.org/10.1145/263699.263712,10.1145/263699.263712,cited claim context and bibliographic metadata checked; this row does not claim independent replication,2026-09-19,Metadata verification records source identity and relevance; it is not a claim of independent experimental replication or source redistribution.
necula1998certifying,manuscript-cited,doi-and-official-record-checked,https://doi.org/10.1145/277650.277752,10.1145/277650.277752,cited claim context and bibliographic metadata checked; this row does not claim independent replication,2026-09-19,Metadata verification records source identity and relevance; it is not a claim of independent experimental replication or source redistribution.
willsey2021egg,manuscript-cited,doi-and-official-record-checked,https://doi.org/10.1145/3434304,10.1145/3434304,cited claim context and bibliographic metadata checked; this row does not claim independent replication,2026-09-19,Metadata verification records source identity and relevance; it is not a claim of independent experimental replication or source redistribution.
tate2009equality,manuscript-cited,doi-and-official-record-checked,https://doi.org/10.1145/1480881.1480915,10.1145/1480881.1480915,cited claim context and bibliographic metadata checked; this row does not claim independent replication,2026-09-19,Metadata verification records source identity and relevance; it is not a claim of independent experimental replication or source redistribution.
hong1981redblue,manuscript-cited,doi-and-official-record-checked,https://doi.org/10.1145/800076.802486,10.1145/800076.802486,"full paper or lawful author copy used for structural calibration; final audit rechecked title, authors, year, venue role, and identifier",2026-09-19,Metadata verification records source identity and relevance; it is not a claim of independent experimental replication or source redistribution.
aggarwal1988io,manuscript-cited,doi-and-official-record-checked,https://doi.org/10.1145/48529.48535,10.1145/48529.48535,cited claim context and bibliographic metadata checked; this row does not claim independent replication,2026-09-19,Metadata verification records source identity and relevance; it is not a claim of independent experimental replication or source redistribution.
ragankelley2013halide,manuscript-cited,doi-and-official-record-checked,https://doi.org/10.1145/2491956.2462176,10.1145/2491956.2462176,cited claim context and bibliographic metadata checked; this row does not claim independent replication,2026-09-19,Metadata verification records source identity and relevance; it is not a claim of independent experimental replication or source redistribution.
chen2018tvm,manuscript-cited,official-record-checked,https://www.usenix.org/conference/osdi18/presentation/chen,https://www.usenix.org/conference/osdi18/presentation/chen,cited claim context and bibliographic metadata checked; this row does not claim independent replication,2026-09-19,Metadata verification records source identity and relevance; it is not a claim of independent experimental replication or source redistribution.
zheng2020ansor,manuscript-cited,official-record-checked,https://www.usenix.org/conference/osdi20/presentation/zheng,https://www.usenix.org/conference/osdi20/presentation/zheng,cited claim context and bibliographic metadata checked; this row does not claim independent replication,2026-09-19,Metadata verification records source identity and relevance; it is not a claim of independent experimental replication or source redistribution.
bondhugula2008pluto,manuscript-cited,doi-and-official-record-checked,https://doi.org/10.1145/1375581.1375595,10.1145/1375581.1375595,cited claim context and bibliographic metadata checked; this row does not claim independent replication,2026-09-19,Metadata verification records source identity and relevance; it is not a claim of independent experimental replication or source redistribution.
feautrier1992affine,manuscript-cited,doi-and-official-record-checked,https://doi.org/10.1007/BF01407835,10.1007/BF01407835,cited claim context and bibliographic metadata checked; this row does not claim independent replication,2026-09-19,Metadata verification records source identity and relevance; it is not a claim of independent experimental replication or source redistribution.
lattner2021mlir,manuscript-cited,doi-and-official-record-checked,https://doi.org/10.1109/CGO51591.2021.9370308,10.1109/CGO51591.2021.9370308,cited claim context and bibliographic metadata checked; this row does not claim independent replication,2026-09-19,Metadata verification records source identity and relevance; it is not a claim of independent experimental replication or source redistribution.
lattner2004llvm,manuscript-cited,doi-and-official-record-checked,https://doi.org/10.1109/CGO.2004.1281665,10.1109/CGO.2004.1281665,cited claim context and bibliographic metadata checked; this row does not claim independent replication,2026-09-19,Metadata verification records source identity and relevance; it is not a claim of independent experimental replication or source redistribution.
bryant1986bdd,manuscript-cited,doi-and-official-record-checked,https://doi.org/10.1109/TC.1986.1676819,10.1109/TC.1986.1676819,cited claim context and bibliographic metadata checked; this row does not claim independent replication,2026-09-19,Metadata verification records source identity and relevance; it is not a claim of independent experimental replication or source redistribution.
arnborg1987treewidth,manuscript-cited,doi-and-official-record-checked,https://doi.org/10.1137/0608024,10.1137/0608024,cited claim context and bibliographic metadata checked; this row does not claim independent replication,2026-09-19,Metadata verification records source identity and relevance; it is not a claim of independent experimental replication or source redistribution.
verdoolaege2013ppcg,calibration-only,doi-and-official-record-checked,https://doi.org/10.1145/2400682.2400713,10.1145/2400682.2400713,"full paper or lawful author copy used for structural calibration; final audit rechecked title, authors, year, venue role, and identifier",2026-09-19,Metadata verification records source identity and relevance; it is not a claim of independent experimental replication or source redistribution.
wang2014opencl,calibration-only,doi-and-official-record-checked,https://doi.org/10.1145/2677036,10.1145/2677036,"full paper or lawful author copy used for structural calibration; final audit rechecked title, authors, year, venue role, and identifier",2026-09-19,Metadata verification records source identity and relevance; it is not a claim of independent experimental replication or source redistribution.
baroudi2017packed,calibration-only,doi-and-official-record-checked,https://doi.org/10.1145/3162016,10.1145/3162016,"full paper or lawful author copy used for structural calibration; final audit rechecked title, authors, year, venue role, and identifier",2026-09-19,Metadata verification records source identity and relevance; it is not a claim of independent experimental replication or source redistribution.
isaac2024sparse_survey,calibration-only,doi-and-official-record-checked,https://doi.org/10.1145/3640542,10.1145/3640542,"full paper or lawful author copy used for structural calibration; final audit rechecked title, authors, year, venue role, and identifier",2026-09-19,Metadata verification records source identity and relevance; it is not a claim of independent experimental replication or source redistribution.
fan2024utilization,calibration-only,doi-and-official-record-checked,https://doi.org/10.1145/3637906,10.1145/3637906,"full paper or lawful author copy used for structural calibration; final audit rechecked title, authors, year, venue role, and identifier",2026-09-19,Metadata verification records source identity and relevance; it is not a claim of independent experimental replication or source redistribution.
cicek2017relational,manuscript-cited,doi-and-official-record-checked,https://doi.org/10.1145/3009837.3009858,10.1145/3009837.3009858,official abstract and bibliographic record checked for relational cost-difference claim and boundary,2026-09-21,Metadata verification records source identity and relevance; it is not a claim of independent experimental replication or source redistribution.
bao2018cache,manuscript-cited,doi-and-institutional-record-checked,https://doi.org/10.1145/3158120,10.1145/3158120,official/institutional abstract and metadata checked for exact affine cache-model comparison,2026-09-21,Metadata verification records source identity and relevance; it is not a claim of independent experimental replication or source redistribution.
gysi2019haystack,manuscript-cited,doi-and-institutional-record-checked,https://doi.org/10.1145/3314221.3314606,10.1145/3314221.3314606,university publication record and abstract checked for fully associative analytical-cache comparison,2026-09-21,Metadata verification records source identity and relevance; it is not a claim of independent experimental replication or source redistribution.
shah2023bullseye,manuscript-cited,doi-and-author-artifact-record-checked,https://doi.org/10.1145/3558003,10.1145/3558003,publisher identifier and author artifact citation/abstract checked for approximate cache-analysis comparison,2026-09-21,Metadata verification records source identity and relevance; it is not a claim of independent experimental replication or source redistribution.
