resource_id,manuscript_section,citation_lines,claim_class,citation_context,scope_match,checked_date
aggarwal1988io,"Relation to Prior Work and Implications / Movement complexity, exactness, and limits",506,movement/locality analysis and compiler boundary,"Classical I/O models treat communication as a resource [citation]. Affine-cache analyses count misses under replacement semantics [citation]; affine scheduling, Pluto, Halide, TVM, Ansor, MLIR, and LLVM expose locality choices elsewhere [citation]. We instead compare two explicit residencies under one sparse support, without replacement or mapping search.","checked: citation is descriptive, antecedent, or boundary-setting and does not claim independent replication",2026-09-21
ahrens2022asymptotic,Relation to Prior Work and Implications / Sparse systems and analytical mappings,498,movement/locality analysis and compiler boundary,"Timeloop, Accelergy, MAESTRO, Interstellar, Sparseloop, LoopTree, and a PIM estimator model complementary mapping, energy, sparse-feature, fusion, or area questions [citation]. Our payload-byte relation is neither energy nor latency. D2T2 retains sparse-tile correlation probabilistically [citation], whereas asymptotic autoscheduling compares symbolic growth [citation]; here fixed events and mappings are quantified over every support satisfying an explicit promise.","checked: citation is descriptive, antecedent, or boundary-setting and does not claim independent replication",2026-09-21
ahrens2023looplets,Relation to Prior Work and Implications / Sparse compilation and checked optimization,501,sparse/tensor compiler and representation comparator,"TACO, format abstractions, workspaces, conversion generation, and Looplets separate algebra, iteration, storage, and coiteration [citation]. MLIR sparse compilation, CoNST, polyhedral co-iteration, loop tactics, SConv, TileMind, and sparse systolic compilation broaden schedules and targets [citation]. The Sparse Abstract Machine, Mosaic, UniSparse, SparseTIR, SparseLNR, SparseAuto, SGAP, structured-tensor compression, and Stardust further vary formats and transformations [citation]; ATL mechanizes sparse data structures [citation]. Thus codec correctness and event reordering are not our novelty, and importing these mappings needs a separately justified translation.","checked: citation is descriptive, antecedent, or boundary-setting and does not claim independent replication",2026-09-21
albericio2016cnvlutin,Relation to Prior Work and Implications / Sparse systems and analytical mappings,496,sparse-architecture motivation and boundary,"DNN-accelerator surveys and Eyeriss establish movement, representation, and dataflow as first-class costs [citation]. Compressed-inference designs vary encodings and skipping [citation]; sparse-algebra accelerators reorganize products, merging, or routing [citation]; and Plasticine and Capstan provide programmable dataflow [citation]. None of these mechanisms alone decides a universal same-mask relation between two fixed mappings.","checked: citation is descriptive, antecedent, or boundary-setting and does not claim independent replication",2026-09-21
arnborg1987treewidth,"Relation to Prior Work and Implications / Movement complexity, exactness, and limits",508,mathematical/complexity antecedent,"Signed ORs relate to coverage functions [citation]; frontier analysis echoes variable elimination [citation]; BDD/treewidth results explain order sensitivity [citation]; and Max-Cut is the classical source problem [citation]. Tensor Seeks Layout and symbolic loop-locality analysis make different global or parametric decisions [citation]. Our contribution is the extraction-and-realizability connection for this contract, not those ingredients alone.","checked: citation is descriptive, antecedent, or boundary-setting and does not claim independent replication",2026-09-21
bansal2023mosaic,Relation to Prior Work and Implications / Sparse compilation and checked optimization,501,sparse/tensor compiler and representation comparator,"TACO, format abstractions, workspaces, conversion generation, and Looplets separate algebra, iteration, storage, and coiteration [citation]. MLIR sparse compilation, CoNST, polyhedral co-iteration, loop tactics, SConv, TileMind, and sparse systolic compilation broaden schedules and targets [citation]. The Sparse Abstract Machine, Mosaic, UniSparse, SparseTIR, SparseLNR, SparseAuto, SGAP, structured-tensor compression, and Stardust further vary formats and transformations [citation]; ATL mechanizes sparse data structures [citation]. Thus codec correctness and event reordering are not our novelty, and importing these mappings needs a separately justified translation.","checked: citation is descriptive, antecedent, or boundary-setting and does not claim independent replication",2026-09-21
bao2018cache,"Introduction | Relation to Prior Work and Implications / Movement complexity, exactness, and limits",45;506,movement/locality analysis and compiler boundary,"Recent work also makes it important to separate our objective from already established results. D2T2 [citation] models sparse tiling probabilistically while retaining correlation information. ATL [citation] mechanizes an algebra for verified sparse data structures. Relational cost analysis bounds the difference between two program executions [citation], while exact and approximate cache analyses count misses for affine programs under explicit replacement models [citation]. We neither introduce relational reasoning or sparse-program semantic preservation in general, nor claim that prior analytical models cannot express correlations. The narrower issue is whether exact movement equality and one-sided guarantees have tractable, checkable characterizations for a same-mask, explicit-residency sparse fragment. || Classical I/O models treat communication as a resource [citation]. Affine-cache analyses count misses under replacement semantics [citation]; affine scheduling, Pluto, Halide, TVM, Ansor, MLIR, and LLVM expose locality choices elsewhere [citation]. We instead compare two explicit residencies under one sparse support, without replacement or mapping search.","checked: citation is descriptive, antecedent, or boundary-setting and does not claim independent replication",2026-09-21
bik2022mlir,Relation to Prior Work and Implications / Sparse compilation and checked optimization,501,sparse/tensor compiler and representation comparator,"TACO, format abstractions, workspaces, conversion generation, and Looplets separate algebra, iteration, storage, and coiteration [citation]. MLIR sparse compilation, CoNST, polyhedral co-iteration, loop tactics, SConv, TileMind, and sparse systolic compilation broaden schedules and targets [citation]. The Sparse Abstract Machine, Mosaic, UniSparse, SparseTIR, SparseLNR, SparseAuto, SGAP, structured-tensor compression, and Stardust further vary formats and transformations [citation]; ATL mechanizes sparse data structures [citation]. Thus codec correctness and event reordering are not our novelty, and importing these mappings needs a separately justified translation.","checked: citation is descriptive, antecedent, or boundary-setting and does not claim independent replication",2026-09-21
bondhugula2008pluto,"Relation to Prior Work and Implications / Movement complexity, exactness, and limits",506,movement/locality analysis and compiler boundary,"Classical I/O models treat communication as a resource [citation]. Affine-cache analyses count misses under replacement semantics [citation]; affine scheduling, Pluto, Halide, TVM, Ansor, MLIR, and LLVM expose locality choices elsewhere [citation]. We instead compare two explicit residencies under one sparse support, without replacement or mapping search.","checked: citation is descriptive, antecedent, or boundary-setting and does not claim independent replication",2026-09-21
bryant1986bdd,"Relation to Prior Work and Implications / Movement complexity, exactness, and limits",508,mathematical/complexity antecedent,"Signed ORs relate to coverage functions [citation]; frontier analysis echoes variable elimination [citation]; BDD/treewidth results explain order sensitivity [citation]; and Max-Cut is the classical source problem [citation]. Tensor Seeks Layout and symbolic loop-locality analysis make different global or parametric decisions [citation]. Our contribution is the extraction-and-realizability connection for this contract, not those ingredients alone.","checked: citation is descriptive, antecedent, or boundary-setting and does not claim independent replication",2026-09-21
chakrabarty2015coverage,"An Exact Movement Signature / Extracting a signed OR function | Relation to Prior Work and Implications / Movement complexity, exactness, and limits",170;508,mathematical/complexity antecedent,"We call eq:signature a signature, not a universally canonical representation under support promises. For free masks, coverage-function algebra provides a familiar perspective on OR expansions [citation]. Under a fixed-cardinality promise, distinct unrestricted signatures can describe the same function on $$. Simply comparing coefficient dictionaries would therefore reject some valid equalities. Section sec:equality handles that quotient by evaluation over the legal family, without claiming a new general coverage transform. || Signed ORs relate to coverage functions [citation]; frontier analysis echoes variable elimination [citation]; BDD/treewidth results explain order sensitivity [citation]; and Max-Cut is the classical source problem [citation]. Tensor Seeks Layout and symbolic loop-locality analysis make different global or parametric decisions [citation]. Our contribution is the extraction-and-realizability connection for this contract, not those ingredients alone.","checked: citation is descriptive, antecedent, or boundary-setting and does not claim independent replication",2026-09-21
chelini2019tactics,Relation to Prior Work and Implications / Sparse compilation and checked optimization,501,sparse/tensor compiler and representation comparator,"TACO, format abstractions, workspaces, conversion generation, and Looplets separate algebra, iteration, storage, and coiteration [citation]. MLIR sparse compilation, CoNST, polyhedral co-iteration, loop tactics, SConv, TileMind, and sparse systolic compilation broaden schedules and targets [citation]. The Sparse Abstract Machine, Mosaic, UniSparse, SparseTIR, SparseLNR, SparseAuto, SGAP, structured-tensor compression, and Stardust further vary formats and transformations [citation]; ATL mechanizes sparse data structures [citation]. Thus codec correctness and event reordering are not our novelty, and importing these mappings needs a separately justified translation.","checked: citation is descriptive, antecedent, or boundary-setting and does not claim independent replication",2026-09-21
chen2017eyeriss,Relation to Prior Work and Implications / Sparse systems and analytical mappings,496,sparse-architecture motivation and boundary,"DNN-accelerator surveys and Eyeriss establish movement, representation, and dataflow as first-class costs [citation]. Compressed-inference designs vary encodings and skipping [citation]; sparse-algebra accelerators reorganize products, merging, or routing [citation]; and Plasticine and Capstan provide programmable dataflow [citation]. None of these mechanisms alone decides a universal same-mask relation between two fixed mappings.","checked: citation is descriptive, antecedent, or boundary-setting and does not claim independent replication",2026-09-21
chen2018tvm,"Relation to Prior Work and Implications / Movement complexity, exactness, and limits",506,movement/locality analysis and compiler boundary,"Classical I/O models treat communication as a resource [citation]. Affine-cache analyses count misses under replacement semantics [citation]; affine scheduling, Pluto, Halide, TVM, Ansor, MLIR, and LLVM expose locality choices elsewhere [citation]. We instead compare two explicit residencies under one sparse support, without replacement or mapping search.","checked: citation is descriptive, antecedent, or boundary-setting and does not claim independent replication",2026-09-21
chou2018format,Relation to Prior Work and Implications / Sparse compilation and checked optimization,501,sparse/tensor compiler and representation comparator,"TACO, format abstractions, workspaces, conversion generation, and Looplets separate algebra, iteration, storage, and coiteration [citation]. MLIR sparse compilation, CoNST, polyhedral co-iteration, loop tactics, SConv, TileMind, and sparse systolic compilation broaden schedules and targets [citation]. The Sparse Abstract Machine, Mosaic, UniSparse, SparseTIR, SparseLNR, SparseAuto, SGAP, structured-tensor compression, and Stardust further vary formats and transformations [citation]; ATL mechanizes sparse data structures [citation]. Thus codec correctness and event reordering are not our novelty, and importing these mappings needs a separately justified translation.","checked: citation is descriptive, antecedent, or boundary-setting and does not claim independent replication",2026-09-21
chou2020conversion,Relation to Prior Work and Implications / Sparse compilation and checked optimization,501,sparse/tensor compiler and representation comparator,"TACO, format abstractions, workspaces, conversion generation, and Looplets separate algebra, iteration, storage, and coiteration [citation]. MLIR sparse compilation, CoNST, polyhedral co-iteration, loop tactics, SConv, TileMind, and sparse systolic compilation broaden schedules and targets [citation]. The Sparse Abstract Machine, Mosaic, UniSparse, SparseTIR, SparseLNR, SparseAuto, SGAP, structured-tensor compression, and Stardust further vary formats and transformations [citation]; ATL mechanizes sparse data structures [citation]. Thus codec correctness and event reordering are not our novelty, and importing these mappings needs a separately justified translation.","checked: citation is descriptive, antecedent, or boundary-setting and does not claim independent replication",2026-09-21
cicek2017relational,Introduction | Relation to Prior Work and Implications / Sparse compilation and checked optimization,45;503,"formal verification, certification, or relational-cost comparator","Recent work also makes it important to separate our objective from already established results. D2T2 [citation] models sparse tiling probabilistically while retaining correlation information. ATL [citation] mechanizes an algebra for verified sparse data structures. Relational cost analysis bounds the difference between two program executions [citation], while exact and approximate cache analyses count misses for affine programs under explicit replacement models [citation]. We neither introduce relational reasoning or sparse-program semantic preservation in general, nor claim that prior analytical models cannot express correlations. The narrower issue is whether exact movement equality and one-sided guarantees have tractable, checkable characterizations for a same-mask, explicit-residency sparse fragment. || Compiler verification, translation/peephole validation, and formal IR semantics offer broader assurance [citation]; proof-carrying code and certifying compilation motivate our checker boundary [citation]. Relational cost analysis soundly compares execution costs [citation]; our narrower finite signature instead gives complete equality for one mask fragment and a one-sided hardness boundary. Equality saturation and e-graphs provide search [citation], not this relation. Admission, extraction, counting, and Python remain trusted; the checker is not a proof assistant.","checked: citation is descriptive, antecedent, or boundary-setting and does not claim independent replication",2026-09-21
dechter1999bucket,"Certifying Worst-Case Differences / A checked potential rather than a trusted optimum | Relation to Prior Work and Implications / Movement complexity, exactness, and limits",291;508,mathematical/complexity antecedent,"This finite certificate exposes the dynamic program. Frontier elimination is an established principle [citation]; our result identifies its sufficient state for this residency and support contract and makes the upper-bound obligation checkable. The proof does not imply a polynomial certificate for every instance. A producer may exhaust its state budget; in that case the mathematical existence statement remains true, but the bounded implementation has returned no certificate. || Signed ORs relate to coverage functions [citation]; frontier analysis echoes variable elimination [citation]; BDD/treewidth results explain order sensitivity [citation]; and Max-Cut is the classical source problem [citation]. Tensor Seeks Layout and symbolic loop-locality analysis make different global or parametric decisions [citation]. Our contribution is the extraction-and-realizability connection for this contract, not those ingredients alone.","checked: citation is descriptive, antecedent, or boundary-setting and does not claim independent replication",2026-09-21
dias2022sparselnr,Relation to Prior Work and Implications / Sparse compilation and checked optimization,501,sparse/tensor compiler and representation comparator,"TACO, format abstractions, workspaces, conversion generation, and Looplets separate algebra, iteration, storage, and coiteration [citation]. MLIR sparse compilation, CoNST, polyhedral co-iteration, loop tactics, SConv, TileMind, and sparse systolic compilation broaden schedules and targets [citation]. The Sparse Abstract Machine, Mosaic, UniSparse, SparseTIR, SparseLNR, SparseAuto, SGAP, structured-tensor compression, and Stardust further vary formats and transformations [citation]; ATL mechanizes sparse data structures [citation]. Thus codec correctness and event reordering are not our novelty, and importing these mappings needs a separately justified translation.","checked: citation is descriptive, antecedent, or boundary-setting and does not claim independent replication",2026-09-21
dias2024sparseauto,Relation to Prior Work and Implications / Sparse compilation and checked optimization,501,sparse/tensor compiler and representation comparator,"TACO, format abstractions, workspaces, conversion generation, and Looplets separate algebra, iteration, storage, and coiteration [citation]. MLIR sparse compilation, CoNST, polyhedral co-iteration, loop tactics, SConv, TileMind, and sparse systolic compilation broaden schedules and targets [citation]. The Sparse Abstract Machine, Mosaic, UniSparse, SparseTIR, SparseLNR, SparseAuto, SGAP, structured-tensor compression, and Stardust further vary formats and transformations [citation]; ATL mechanizes sparse data structures [citation]. Thus codec correctness and event reordering are not our novelty, and importing these mappings needs a separately justified translation.","checked: citation is descriptive, antecedent, or boundary-setting and does not claim independent replication",2026-09-21
eisenhofer2026layout,"Relation to Prior Work and Implications / Movement complexity, exactness, and limits",508,movement/locality analysis and compiler boundary,"Signed ORs relate to coverage functions [citation]; frontier analysis echoes variable elimination [citation]; BDD/treewidth results explain order sensitivity [citation]; and Max-Cut is the classical source problem [citation]. Tensor Seeks Layout and symbolic loop-locality analysis make different global or parametric decisions [citation]. Our contribution is the extraction-and-realizability connection for this contract, not those ingredients alone.","checked: citation is descriptive, antecedent, or boundary-setting and does not claim independent replication",2026-09-21
feautrier1992affine,"Relation to Prior Work and Implications / Movement complexity, exactness, and limits",506,movement/locality analysis and compiler boundary,"Classical I/O models treat communication as a resource [citation]. Affine-cache analyses count misses under replacement semantics [citation]; affine scheduling, Pluto, Halide, TVM, Ansor, MLIR, and LLVM expose locality choices elsewhere [citation]. We instead compare two explicit residencies under one sparse support, without replacement or mapping search.","checked: citation is descriptive, antecedent, or boundary-setting and does not claim independent replication",2026-09-21
ferrari2023sconv,Relation to Prior Work and Implications / Sparse compilation and checked optimization,501,sparse/tensor compiler and representation comparator,"TACO, format abstractions, workspaces, conversion generation, and Looplets separate algebra, iteration, storage, and coiteration [citation]. MLIR sparse compilation, CoNST, polyhedral co-iteration, loop tactics, SConv, TileMind, and sparse systolic compilation broaden schedules and targets [citation]. The Sparse Abstract Machine, Mosaic, UniSparse, SparseTIR, SparseLNR, SparseAuto, SGAP, structured-tensor compression, and Stardust further vary formats and transformations [citation]; ATL mechanizes sparse data structures [citation]. Thus codec correctness and event reordering are not our novelty, and importing these mappings needs a separately justified translation.","checked: citation is descriptive, antecedent, or boundary-setting and does not claim independent replication",2026-09-21
garey1976simplified,"Certifying Worst-Case Differences / Hardness with eight bytes of payload | Relation to Prior Work and Implications / Movement complexity, exactness, and limits",304;508,mathematical/complexity antecedent,"For hardness, reduce the complement of the standard unweighted Simple Max Cut decision problem [citation]. Given graph $G=(V,E)$ and $1 L |E|$, the NP question asks whether some cut has at least $L$ edges. For each graph edge $\u,v\$, create four multiply-accumulate event identities guarded by $u,u,v,v$. Each event reads one four-byte weight word and one four-byte dense scalar $B$. Weight residencies last one event in both mappings. The source has two consecutive $B$ residencies, each covering a pair of event positions, and executes the guards as $u,u,v,v$. The target exchanges the middle event identities while retaining the pair-of-slots $B$ bindings, giving $u,v,u,v$. || Signed ORs relate to coverage functions [citation]; frontier analysis echoes variable elimination [citation]; BDD/treewidth results explain order sensitivity [citation]; and Max-Cut is the classical source problem [citation]. Tensor Seeks Layout and symbolic loop-locality analysis make different global or parametric decisions [citation]. Our contribution is the extraction-and-realizability connection for this contract, not those ingredients alone.","checked: citation is descriptive, antecedent, or boundary-setting and does not claim independent replication",2026-09-21
ghorbani2024dastac,Relation to Prior Work and Implications / Sparse compilation and checked optimization,501,sparse/tensor compiler and representation comparator,"TACO, format abstractions, workspaces, conversion generation, and Looplets separate algebra, iteration, storage, and coiteration [citation]. MLIR sparse compilation, CoNST, polyhedral co-iteration, loop tactics, SConv, TileMind, and sparse systolic compilation broaden schedules and targets [citation]. The Sparse Abstract Machine, Mosaic, UniSparse, SparseTIR, SparseLNR, SparseAuto, SGAP, structured-tensor compression, and Stardust further vary formats and transformations [citation]; ATL mechanizes sparse data structures [citation]. Thus codec correctness and event reordering are not our novelty, and importing these mappings needs a separately justified translation.","checked: citation is descriptive, antecedent, or boundary-setting and does not claim independent replication",2026-09-21
gilbert2024looptree,Relation to Prior Work and Implications / Sparse systems and analytical mappings,498,closest analytical accelerator/dataflow comparator,"Timeloop, Accelergy, MAESTRO, Interstellar, Sparseloop, LoopTree, and a PIM estimator model complementary mapping, energy, sparse-feature, fusion, or area questions [citation]. Our payload-byte relation is neither energy nor latency. D2T2 retains sparse-tile correlation probabilistically [citation], whereas asymptotic autoscheduling compares symbolic growth [citation]; here fixed events and mappings are quantified over every support satisfying an explicit promise.","checked: citation is descriptive, antecedent, or boundary-setting and does not claim independent replication",2026-09-21
gysi2019haystack,"Introduction | Relation to Prior Work and Implications / Movement complexity, exactness, and limits",45;506,movement/locality analysis and compiler boundary,"Recent work also makes it important to separate our objective from already established results. D2T2 [citation] models sparse tiling probabilistically while retaining correlation information. ATL [citation] mechanizes an algebra for verified sparse data structures. Relational cost analysis bounds the difference between two program executions [citation], while exact and approximate cache analyses count misses for affine programs under explicit replacement models [citation]. We neither introduce relational reasoning or sparse-program semantic preservation in general, nor claim that prior analytical models cannot express correlations. The narrower issue is whether exact movement equality and one-sided guarantees have tractable, checkable characterizations for a same-mask, explicit-residency sparse fragment. || Classical I/O models treat communication as a resource [citation]. Affine-cache analyses count misses under replacement semantics [citation]; affine scheduling, Pluto, Halide, TVM, Ansor, MLIR, and LLVM expose locality choices elsewhere [citation]. We instead compare two explicit residencies under one sparse support, without replacement or mapping search.","checked: citation is descriptive, antecedent, or boundary-setting and does not claim independent replication",2026-09-21
han2016eie,Relation to Prior Work and Implications / Sparse systems and analytical mappings,496,sparse-architecture motivation and boundary,"DNN-accelerator surveys and Eyeriss establish movement, representation, and dataflow as first-class costs [citation]. Compressed-inference designs vary encodings and skipping [citation]; sparse-algebra accelerators reorganize products, merging, or routing [citation]; and Plasticine and Capstan provide programmable dataflow [citation]. None of these mechanisms alone decides a universal same-mask relation between two fixed mappings.","checked: citation is descriptive, antecedent, or boundary-setting and does not claim independent replication",2026-09-21
hegde2019extensor,Relation to Prior Work and Implications / Sparse systems and analytical mappings,496,sparse-architecture motivation and boundary,"DNN-accelerator surveys and Eyeriss establish movement, representation, and dataflow as first-class costs [citation]. Compressed-inference designs vary encodings and skipping [citation]; sparse-algebra accelerators reorganize products, merging, or routing [citation]; and Plasticine and Capstan provide programmable dataflow [citation]. None of these mechanisms alone decides a universal same-mask relation between two fixed mappings.","checked: citation is descriptive, antecedent, or boundary-setting and does not claim independent replication",2026-09-21
hong1981redblue,"Relation to Prior Work and Implications / Movement complexity, exactness, and limits",506,movement/locality analysis and compiler boundary,"Classical I/O models treat communication as a resource [citation]. Affine-cache analyses count misses under replacement semantics [citation]; affine scheduling, Pluto, Halide, TVM, Ansor, MLIR, and LLVM expose locality choices elsewhere [citation]. We instead compare two explicit residencies under one sparse support, without replacement or mapping search.","checked: citation is descriptive, antecedent, or boundary-setting and does not claim independent replication",2026-09-21
hsu2023sam,Relation to Prior Work and Implications / Sparse compilation and checked optimization,501,sparse/tensor compiler and representation comparator,"TACO, format abstractions, workspaces, conversion generation, and Looplets separate algebra, iteration, storage, and coiteration [citation]. MLIR sparse compilation, CoNST, polyhedral co-iteration, loop tactics, SConv, TileMind, and sparse systolic compilation broaden schedules and targets [citation]. The Sparse Abstract Machine, Mosaic, UniSparse, SparseTIR, SparseLNR, SparseAuto, SGAP, structured-tensor compression, and Stardust further vary formats and transformations [citation]; ATL mechanizes sparse data structures [citation]. Thus codec correctness and event reordering are not our novelty, and importing these mappings needs a separately justified translation.","checked: citation is descriptive, antecedent, or boundary-setting and does not claim independent replication",2026-09-21
hsu2025stardust,Relation to Prior Work and Implications / Sparse compilation and checked optimization,501,sparse/tensor compiler and representation comparator,"TACO, format abstractions, workspaces, conversion generation, and Looplets separate algebra, iteration, storage, and coiteration [citation]. MLIR sparse compilation, CoNST, polyhedral co-iteration, loop tactics, SConv, TileMind, and sparse systolic compilation broaden schedules and targets [citation]. The Sparse Abstract Machine, Mosaic, UniSparse, SparseTIR, SparseLNR, SparseAuto, SGAP, structured-tensor compression, and Stardust further vary formats and transformations [citation]; ATL mechanizes sparse data structures [citation]. Thus codec correctness and event reordering are not our novelty, and importing these mappings needs a separately justified translation.","checked: citation is descriptive, antecedent, or boundary-setting and does not claim independent replication",2026-09-21
kjolstad2017taco,Relation to Prior Work and Implications / Sparse compilation and checked optimization,501,sparse/tensor compiler and representation comparator,"TACO, format abstractions, workspaces, conversion generation, and Looplets separate algebra, iteration, storage, and coiteration [citation]. MLIR sparse compilation, CoNST, polyhedral co-iteration, loop tactics, SConv, TileMind, and sparse systolic compilation broaden schedules and targets [citation]. The Sparse Abstract Machine, Mosaic, UniSparse, SparseTIR, SparseLNR, SparseAuto, SGAP, structured-tensor compression, and Stardust further vary formats and transformations [citation]; ATL mechanizes sparse data structures [citation]. Thus codec correctness and event reordering are not our novelty, and importing these mappings needs a separately justified translation.","checked: citation is descriptive, antecedent, or boundary-setting and does not claim independent replication",2026-09-21
kjolstad2019workspaces,Relation to Prior Work and Implications / Sparse compilation and checked optimization,501,sparse/tensor compiler and representation comparator,"TACO, format abstractions, workspaces, conversion generation, and Looplets separate algebra, iteration, storage, and coiteration [citation]. MLIR sparse compilation, CoNST, polyhedral co-iteration, loop tactics, SConv, TileMind, and sparse systolic compilation broaden schedules and targets [citation]. The Sparse Abstract Machine, Mosaic, UniSparse, SparseTIR, SparseLNR, SparseAuto, SGAP, structured-tensor compression, and Stardust further vary formats and transformations [citation]; ATL mechanizes sparse data structures [citation]. Thus codec correctness and event reordering are not our novelty, and importing these mappings needs a separately justified translation.","checked: citation is descriptive, antecedent, or boundary-setting and does not claim independent replication",2026-09-21
kwon2020maestro,Relation to Prior Work and Implications / Sparse systems and analytical mappings,498,closest analytical accelerator/dataflow comparator,"Timeloop, Accelergy, MAESTRO, Interstellar, Sparseloop, LoopTree, and a PIM estimator model complementary mapping, energy, sparse-feature, fusion, or area questions [citation]. Our payload-byte relation is neither energy nor latency. D2T2 retains sparse-tile correlation probabilistically [citation], whereas asymptotic autoscheduling compares symbolic growth [citation]; here fixed events and mappings are quantified over every support satisfying an explicit promise.","checked: citation is descriptive, antecedent, or boundary-setting and does not claim independent replication",2026-09-21
lattner2004llvm,"Relation to Prior Work and Implications / Movement complexity, exactness, and limits",506,movement/locality analysis and compiler boundary,"Classical I/O models treat communication as a resource [citation]. Affine-cache analyses count misses under replacement semantics [citation]; affine scheduling, Pluto, Halide, TVM, Ansor, MLIR, and LLVM expose locality choices elsewhere [citation]. We instead compare two explicit residencies under one sparse support, without replacement or mapping search.","checked: citation is descriptive, antecedent, or boundary-setting and does not claim independent replication",2026-09-21
lattner2021mlir,"Relation to Prior Work and Implications / Movement complexity, exactness, and limits",506,movement/locality analysis and compiler boundary,"Classical I/O models treat communication as a resource [citation]. Affine-cache analyses count misses under replacement semantics [citation]; affine scheduling, Pluto, Halide, TVM, Ansor, MLIR, and LLVM expose locality choices elsewhere [citation]. We instead compare two explicit residencies under one sparse support, without replacement or mapping search.","checked: citation is descriptive, antecedent, or boundary-setting and does not claim independent replication",2026-09-21
leroy2009compcert,Relation to Prior Work and Implications / Sparse compilation and checked optimization,503,"formal verification, certification, or relational-cost comparator","Compiler verification, translation/peephole validation, and formal IR semantics offer broader assurance [citation]; proof-carrying code and certifying compilation motivate our checker boundary [citation]. Relational cost analysis soundly compares execution costs [citation]; our narrower finite signature instead gives complete equality for one mask fragment and a one-sided hardness boundary. Equality saturation and e-graphs provide search [citation], not this relation. Admission, extraction, counting, and Python remain trusted; the checker is not a proof assistant.","checked: citation is descriptive, antecedent, or boundary-setting and does not claim independent replication",2026-09-21
liu2024unisparse,Relation to Prior Work and Implications / Sparse compilation and checked optimization,501,sparse/tensor compiler and representation comparator,"TACO, format abstractions, workspaces, conversion generation, and Looplets separate algebra, iteration, storage, and coiteration [citation]. MLIR sparse compilation, CoNST, polyhedral co-iteration, loop tactics, SConv, TileMind, and sparse systolic compilation broaden schedules and targets [citation]. The Sparse Abstract Machine, Mosaic, UniSparse, SparseTIR, SparseLNR, SparseAuto, SGAP, structured-tensor compression, and Stardust further vary formats and transformations [citation]; ATL mechanizes sparse data structures [citation]. Thus codec correctness and event reordering are not our novelty, and importing these mappings needs a separately justified translation.","checked: citation is descriptive, antecedent, or boundary-setting and does not claim independent replication",2026-09-21
liu2026atl,Introduction | Relation to Prior Work and Implications / Sparse compilation and checked optimization,45;501,"formal verification, certification, or relational-cost comparator","Recent work also makes it important to separate our objective from already established results. D2T2 [citation] models sparse tiling probabilistically while retaining correlation information. ATL [citation] mechanizes an algebra for verified sparse data structures. Relational cost analysis bounds the difference between two program executions [citation], while exact and approximate cache analyses count misses for affine programs under explicit replacement models [citation]. We neither introduce relational reasoning or sparse-program semantic preservation in general, nor claim that prior analytical models cannot express correlations. The narrower issue is whether exact movement equality and one-sided guarantees have tractable, checkable characterizations for a same-mask, explicit-residency sparse fragment. || TACO, format abstractions, workspaces, conversion generation, and Looplets separate algebra, iteration, storage, and coiteration [citation]. MLIR sparse compilation, CoNST, polyhedral co-iteration, loop tactics, SConv, TileMind, and sparse systolic compilation broaden schedules and targets [citation]. The Sparse Abstract Machine, Mosaic, UniSparse, SparseTIR, SparseLNR, SparseAuto, SGAP, structured-tensor compression, and Stardust further vary formats and transformations [citation]; ATL mechanizes sparse data structures [citation]. Thus codec correctness and event reordering are not our novelty, and importing these mappings needs a separately justified translation.","checked: citation is descriptive, antecedent, or boundary-setting and does not claim independent replication",2026-09-21
lopes2015alive,Relation to Prior Work and Implications / Sparse compilation and checked optimization,503,"formal verification, certification, or relational-cost comparator","Compiler verification, translation/peephole validation, and formal IR semantics offer broader assurance [citation]; proof-carrying code and certifying compilation motivate our checker boundary [citation]. Relational cost analysis soundly compares execution costs [citation]; our narrower finite signature instead gives complete equality for one mask fragment and a one-sided hardness boundary. Equality saturation and e-graphs provide search [citation], not this relation. Admission, extraction, counting, and Python remain trusted; the checker is not a proof assistant.","checked: citation is descriptive, antecedent, or boundary-setting and does not claim independent replication",2026-09-21
lopes2021alive2,Relation to Prior Work and Implications / Sparse compilation and checked optimization,503,"formal verification, certification, or relational-cost comparator","Compiler verification, translation/peephole validation, and formal IR semantics offer broader assurance [citation]; proof-carrying code and certifying compilation motivate our checker boundary [citation]. Relational cost analysis soundly compares execution costs [citation]; our narrower finite signature instead gives complete equality for one mask fragment and a one-sided hardness boundary. Equality saturation and e-graphs provide search [citation], not this relation. Admission, extraction, counting, and Python remain trusted; the checker is not a proof assistant.","checked: citation is descriptive, antecedent, or boundary-setting and does not claim independent replication",2026-09-21
necula1997pcc,Relation to Prior Work and Implications / Sparse compilation and checked optimization,503,"formal verification, certification, or relational-cost comparator","Compiler verification, translation/peephole validation, and formal IR semantics offer broader assurance [citation]; proof-carrying code and certifying compilation motivate our checker boundary [citation]. Relational cost analysis soundly compares execution costs [citation]; our narrower finite signature instead gives complete equality for one mask fragment and a one-sided hardness boundary. Equality saturation and e-graphs provide search [citation], not this relation. Admission, extraction, counting, and Python remain trusted; the checker is not a proof assistant.","checked: citation is descriptive, antecedent, or boundary-setting and does not claim independent replication",2026-09-21
necula1998certifying,Relation to Prior Work and Implications / Sparse compilation and checked optimization,503,"formal verification, certification, or relational-cost comparator","Compiler verification, translation/peephole validation, and formal IR semantics offer broader assurance [citation]; proof-carrying code and certifying compilation motivate our checker boundary [citation]. Relational cost analysis soundly compares execution costs [citation]; our narrower finite signature instead gives complete equality for one mask fragment and a one-sided hardness boundary. Equality saturation and e-graphs provide search [citation], not this relation. Admission, extraction, counting, and Python remain trusted; the checker is not a proof assistant.","checked: citation is descriptive, antecedent, or boundary-setting and does not claim independent replication",2026-09-21
pal2018outerspace,Relation to Prior Work and Implications / Sparse systems and analytical mappings,496,sparse-architecture motivation and boundary,"DNN-accelerator surveys and Eyeriss establish movement, representation, and dataflow as first-class costs [citation]. Compressed-inference designs vary encodings and skipping [citation]; sparse-algebra accelerators reorganize products, merging, or routing [citation]; and Plasticine and Capstan provide programmable dataflow [citation]. None of these mechanisms alone decides a universal same-mask relation between two fixed mappings.","checked: citation is descriptive, antecedent, or boundary-setting and does not claim independent replication",2026-09-21
parashar2017scnn,Relation to Prior Work and Implications / Sparse systems and analytical mappings,496,sparse-architecture motivation and boundary,"DNN-accelerator surveys and Eyeriss establish movement, representation, and dataflow as first-class costs [citation]. Compressed-inference designs vary encodings and skipping [citation]; sparse-algebra accelerators reorganize products, merging, or routing [citation]; and Plasticine and Capstan provide programmable dataflow [citation]. None of these mechanisms alone decides a universal same-mask relation between two fixed mappings.","checked: citation is descriptive, antecedent, or boundary-setting and does not claim independent replication",2026-09-21
parashar2019timeloop,Relation to Prior Work and Implications / Sparse systems and analytical mappings,498,closest analytical accelerator/dataflow comparator,"Timeloop, Accelergy, MAESTRO, Interstellar, Sparseloop, LoopTree, and a PIM estimator model complementary mapping, energy, sparse-feature, fusion, or area questions [citation]. Our payload-byte relation is neither energy nor latency. D2T2 retains sparse-tile correlation probabilistically [citation], whereas asymptotic autoscheduling compares symbolic growth [citation]; here fixed events and mappings are quantified over every support satisfying an explicit promise.","checked: citation is descriptive, antecedent, or boundary-setting and does not claim independent replication",2026-09-21
pnueli1998translation,Relation to Prior Work and Implications / Sparse compilation and checked optimization,503,"formal verification, certification, or relational-cost comparator","Compiler verification, translation/peephole validation, and formal IR semantics offer broader assurance [citation]; proof-carrying code and certifying compilation motivate our checker boundary [citation]. Relational cost analysis soundly compares execution costs [citation]; our narrower finite signature instead gives complete equality for one mask fragment and a one-sided hardness boundary. Equality saturation and e-graphs provide search [citation], not this relation. Admission, extraction, counting, and Python remain trusted; the checker is not a proof assistant.","checked: citation is descriptive, antecedent, or boundary-setting and does not claim independent replication",2026-09-21
prabhakar2017plasticine,Relation to Prior Work and Implications / Sparse systems and analytical mappings,496,sparse-architecture motivation and boundary,"DNN-accelerator surveys and Eyeriss establish movement, representation, and dataflow as first-class costs [citation]. Compressed-inference designs vary encodings and skipping [citation]; sparse-algebra accelerators reorganize products, merging, or routing [citation]; and Plasticine and Capstan provide programmable dataflow [citation]. None of these mechanisms alone decides a universal same-mask relation between two fixed mappings.","checked: citation is descriptive, antecedent, or boundary-setting and does not claim independent replication",2026-09-21
qin2020sigma,Relation to Prior Work and Implications / Sparse systems and analytical mappings,496,sparse-architecture motivation and boundary,"DNN-accelerator surveys and Eyeriss establish movement, representation, and dataflow as first-class costs [citation]. Compressed-inference designs vary encodings and skipping [citation]; sparse-algebra accelerators reorganize products, merging, or routing [citation]; and Plasticine and Capstan provide programmable dataflow [citation]. None of these mechanisms alone decides a universal same-mask relation between two fixed mappings.","checked: citation is descriptive, antecedent, or boundary-setting and does not claim independent replication",2026-09-21
ragankelley2013halide,"Relation to Prior Work and Implications / Movement complexity, exactness, and limits",506,movement/locality analysis and compiler boundary,"Classical I/O models treat communication as a resource [citation]. Affine-cache analyses count misses under replacement semantics [citation]; affine scheduling, Pluto, Halide, TVM, Ansor, MLIR, and LLVM expose locality choices elsewhere [citation]. We instead compare two explicit residencies under one sparse support, without replacement or mapping search.","checked: citation is descriptive, antecedent, or boundary-setting and does not claim independent replication",2026-09-21
raje2024const,Relation to Prior Work and Implications / Sparse compilation and checked optimization,501,sparse/tensor compiler and representation comparator,"TACO, format abstractions, workspaces, conversion generation, and Looplets separate algebra, iteration, storage, and coiteration [citation]. MLIR sparse compilation, CoNST, polyhedral co-iteration, loop tactics, SConv, TileMind, and sparse systolic compilation broaden schedules and targets [citation]. The Sparse Abstract Machine, Mosaic, UniSparse, SparseTIR, SparseLNR, SparseAuto, SGAP, structured-tensor compression, and Stardust further vary formats and transformations [citation]; ATL mechanizes sparse data structures [citation]. Thus codec correctness and event reordering are not our novelty, and importing these mappings needs a separately justified translation.","checked: citation is descriptive, antecedent, or boundary-setting and does not claim independent replication",2026-09-21
rucker2021capstan,Relation to Prior Work and Implications / Sparse systems and analytical mappings,496,sparse-architecture motivation and boundary,"DNN-accelerator surveys and Eyeriss establish movement, representation, and dataflow as first-class costs [citation]. Compressed-inference designs vary encodings and skipping [citation]; sparse-algebra accelerators reorganize products, merging, or routing [citation]; and Plasticine and Capstan provide programmable dataflow [citation]. None of these mechanisms alone decides a universal same-mask relation between two fixed mappings.","checked: citation is descriptive, antecedent, or boundary-setting and does not claim independent replication",2026-09-21
shah2023bullseye,"Introduction | Relation to Prior Work and Implications / Movement complexity, exactness, and limits",45;506,movement/locality analysis and compiler boundary,"Recent work also makes it important to separate our objective from already established results. D2T2 [citation] models sparse tiling probabilistically while retaining correlation information. ATL [citation] mechanizes an algebra for verified sparse data structures. Relational cost analysis bounds the difference between two program executions [citation], while exact and approximate cache analyses count misses for affine programs under explicit replacement models [citation]. We neither introduce relational reasoning or sparse-program semantic preservation in general, nor claim that prior analytical models cannot express correlations. The narrower issue is whether exact movement equality and one-sided guarantees have tractable, checkable characterizations for a same-mask, explicit-residency sparse fragment. || Classical I/O models treat communication as a resource [citation]. Affine-cache analyses count misses under replacement semantics [citation]; affine scheduling, Pluto, Halide, TVM, Ansor, MLIR, and LLVM expose locality choices elsewhere [citation]. We instead compare two explicit residencies under one sparse support, without replacement or mapping search.","checked: citation is descriptive, antecedent, or boundary-setting and does not claim independent replication",2026-09-21
sharma2025d2t2,Introduction | Local Rewrites and Separating Families / Why density ties are not certificates | Relation to Prior Work and Implications / Sparse systems and analytical mappings,45;375;498,closest analytical accelerator/dataflow comparator,"Recent work also makes it important to separate our objective from already established results. D2T2 [citation] models sparse tiling probabilistically while retaining correlation information. ATL [citation] mechanizes an algebra for verified sparse data structures. Relational cost analysis bounds the difference between two program executions [citation], while exact and approximate cache analyses count misses for affine programs under explicit replacement models [citation]. We neither introduce relational reasoning or sparse-program semantic preservation in general, nor claim that prior analytical models cannot express correlations. The narrower issue is whether exact movement equality and one-sided guarantees have tractable, checkable characterizations for a same-mask, explicit-residency sparse fragment. || The example refutes precisely the iid footprint-size histogram as a universal certificate. It is not an experiment against Sparseloop or D2T2, and it does not assert that those systems cannot distinguish the supports. D2T2's correlation treatment and Sparseloop's actual-data mode are reasons to state the comparator narrowly [citation]. The useful lesson is logical: equality of an average under one distribution does not imply equality, or an upper bound, at every point in its support. || Timeloop, Accelergy, MAESTRO, Interstellar, Sparseloop, LoopTree, and a PIM estimator model complementary mapping, energy, sparse-feature, fusion, or area questions [citation]. Our payload-byte relation is neither energy nor latency. D2T2 retains sparse-tile correlation probabilistically [citation], whereas asymptotic autoscheduling compares symbolic growth [citation]; here fixed events and mappings are quantified over every support satisfying an explicit promise.","checked: citation is descriptive, antecedent, or boundary-setting and does not claim independent replication",2026-09-21
soltaniyeh2022systolic,Relation to Prior Work and Implications / Sparse compilation and checked optimization,501,sparse/tensor compiler and representation comparator,"TACO, format abstractions, workspaces, conversion generation, and Looplets separate algebra, iteration, storage, and coiteration [citation]. MLIR sparse compilation, CoNST, polyhedral co-iteration, loop tactics, SConv, TileMind, and sparse systolic compilation broaden schedules and targets [citation]. The Sparse Abstract Machine, Mosaic, UniSparse, SparseTIR, SparseLNR, SparseAuto, SGAP, structured-tensor compression, and Stardust further vary formats and transformations [citation]; ATL mechanizes sparse data structures [citation]. Thus codec correctness and event reordering are not our novelty, and importing these mappings needs a separately justified translation.","checked: citation is descriptive, antecedent, or boundary-setting and does not claim independent replication",2026-09-21
sze2017survey,Relation to Prior Work and Implications / Sparse systems and analytical mappings,496,sparse-architecture motivation and boundary,"DNN-accelerator surveys and Eyeriss establish movement, representation, and dataflow as first-class costs [citation]. Compressed-inference designs vary encodings and skipping [citation]; sparse-algebra accelerators reorganize products, merging, or routing [citation]; and Plasticine and Capstan provide programmable dataflow [citation]. None of these mechanisms alone decides a universal same-mask relation between two fixed mappings.","checked: citation is descriptive, antecedent, or boundary-setting and does not claim independent replication",2026-09-21
tate2009equality,Relation to Prior Work and Implications / Sparse compilation and checked optimization,503,"formal verification, certification, or relational-cost comparator","Compiler verification, translation/peephole validation, and formal IR semantics offer broader assurance [citation]; proof-carrying code and certifying compilation motivate our checker boundary [citation]. Relational cost analysis soundly compares execution costs [citation]; our narrower finite signature instead gives complete equality for one mask fragment and a one-sided hardness boundary. Equality saturation and e-graphs provide search [citation], not this relation. Admission, extraction, counting, and Python remain trusted; the checker is not a proof assistant.","checked: citation is descriptive, antecedent, or boundary-setting and does not claim independent replication",2026-09-21
willsey2021egg,Relation to Prior Work and Implications / Sparse compilation and checked optimization,503,"formal verification, certification, or relational-cost comparator","Compiler verification, translation/peephole validation, and formal IR semantics offer broader assurance [citation]; proof-carrying code and certifying compilation motivate our checker boundary [citation]. Relational cost analysis soundly compares execution costs [citation]; our narrower finite signature instead gives complete equality for one mask fragment and a one-sided hardness boundary. Equality saturation and e-graphs provide search [citation], not this relation. Admission, extraction, counting, and Python remain trusted; the checker is not a proof assistant.","checked: citation is descriptive, antecedent, or boundary-setting and does not claim independent replication",2026-09-21
wu2019accelergy,Relation to Prior Work and Implications / Sparse systems and analytical mappings,498,closest analytical accelerator/dataflow comparator,"Timeloop, Accelergy, MAESTRO, Interstellar, Sparseloop, LoopTree, and a PIM estimator model complementary mapping, energy, sparse-feature, fusion, or area questions [citation]. Our payload-byte relation is neither energy nor latency. D2T2 retains sparse-tile correlation probabilistically [citation], whereas asymptotic autoscheduling compares symbolic growth [citation]; here fixed events and mappings are quantified over every support satisfying an explicit promise.","checked: citation is descriptive, antecedent, or boundary-setting and does not claim independent replication",2026-09-21
wu2020pim,Relation to Prior Work and Implications / Sparse systems and analytical mappings,498,closest analytical accelerator/dataflow comparator,"Timeloop, Accelergy, MAESTRO, Interstellar, Sparseloop, LoopTree, and a PIM estimator model complementary mapping, energy, sparse-feature, fusion, or area questions [citation]. Our payload-byte relation is neither energy nor latency. D2T2 retains sparse-tile correlation probabilistically [citation], whereas asymptotic autoscheduling compares symbolic growth [citation]; here fixed events and mappings are quantified over every support satisfying an explicit promise.","checked: citation is descriptive, antecedent, or boundary-setting and does not claim independent replication",2026-09-21
wu2022sparseloop,Introduction | Local Rewrites and Separating Families / Why density ties are not certificates | Relation to Prior Work and Implications / Sparse systems and analytical mappings,43;375;498,closest analytical accelerator/dataflow comparator,"The motivation is consistent with the separation between dataflow, sparse acceleration features, and microarchitecture in Sparseloop [citation]. That framework models representation formats, gating, and skipping, including several density models and an actual-data option. Its format analyzer also estimates worst-case representation overhead. We do not recast these capabilities as a density-only strawman. Our question instead fixes a byte-level operational contract and universally compares two mappings over the same legal masks. An expectation, a per-tile overhead estimate, and a relational statement about all legal masks are not interchangeable. || The example refutes precisely the iid footprint-size histogram as a universal certificate. It is not an experiment against Sparseloop or D2T2, and it does not assert that those systems cannot distinguish the supports. D2T2's correlation treatment and Sparseloop's actual-data mode are reasons to state the comparator narrowly [citation]. The useful lesson is logical: equality of an average under one distribution does not imply equality, or an upper bound, at every point in its support. || Timeloop, Accelergy, MAESTRO, Interstellar, Sparseloop, LoopTree, and a PIM estimator model complementary mapping, energy, sparse-feature, fusion, or area questions [citation]. Our payload-byte relation is neither energy nor latency. D2T2 retains sparse-tile correlation probabilistically [citation], whereas asymptotic autoscheduling compares symbolic growth [citation]; here fixed events and mappings are quantified over every support satisfying an explicit promise.","checked: citation is descriptive, antecedent, or boundary-setting and does not claim independent replication",2026-09-21
yang2020interstellar,Relation to Prior Work and Implications / Sparse systems and analytical mappings,498,closest analytical accelerator/dataflow comparator,"Timeloop, Accelergy, MAESTRO, Interstellar, Sparseloop, LoopTree, and a PIM estimator model complementary mapping, energy, sparse-feature, fusion, or area questions [citation]. Our payload-byte relation is neither energy nor latency. D2T2 retains sparse-tile correlation probabilistically [citation], whereas asymptotic autoscheduling compares symbolic growth [citation]; here fixed events and mappings are quantified over every support satisfying an explicit promise.","checked: citation is descriptive, antecedent, or boundary-setting and does not claim independent replication",2026-09-21
ye2023sparsetir,Relation to Prior Work and Implications / Sparse compilation and checked optimization,501,sparse/tensor compiler and representation comparator,"TACO, format abstractions, workspaces, conversion generation, and Looplets separate algebra, iteration, storage, and coiteration [citation]. MLIR sparse compilation, CoNST, polyhedral co-iteration, loop tactics, SConv, TileMind, and sparse systolic compilation broaden schedules and targets [citation]. The Sparse Abstract Machine, Mosaic, UniSparse, SparseTIR, SparseLNR, SparseAuto, SGAP, structured-tensor compression, and Stardust further vary formats and transformations [citation]; ATL mechanizes sparse data structures [citation]. Thus codec correctness and event reordering are not our novelty, and importing these mappings needs a separately justified translation.","checked: citation is descriptive, antecedent, or boundary-setting and does not claim independent replication",2026-09-21
yuan2026tilemind,Relation to Prior Work and Implications / Sparse compilation and checked optimization,501,sparse/tensor compiler and representation comparator,"TACO, format abstractions, workspaces, conversion generation, and Looplets separate algebra, iteration, storage, and coiteration [citation]. MLIR sparse compilation, CoNST, polyhedral co-iteration, loop tactics, SConv, TileMind, and sparse systolic compilation broaden schedules and targets [citation]. The Sparse Abstract Machine, Mosaic, UniSparse, SparseTIR, SparseLNR, SparseAuto, SGAP, structured-tensor compression, and Stardust further vary formats and transformations [citation]; ATL mechanizes sparse data structures [citation]. Thus codec correctness and event reordering are not our novelty, and importing these mappings needs a separately justified translation.","checked: citation is descriptive, antecedent, or boundary-setting and does not claim independent replication",2026-09-21
zhang2016cambriconx,Relation to Prior Work and Implications / Sparse systems and analytical mappings,496,sparse-architecture motivation and boundary,"DNN-accelerator surveys and Eyeriss establish movement, representation, and dataflow as first-class costs [citation]. Compressed-inference designs vary encodings and skipping [citation]; sparse-algebra accelerators reorganize products, merging, or routing [citation]; and Plasticine and Capstan provide programmable dataflow [citation]. None of these mechanisms alone decides a universal same-mask relation between two fixed mappings.","checked: citation is descriptive, antecedent, or boundary-setting and does not claim independent replication",2026-09-21
zhang2020sparch,Relation to Prior Work and Implications / Sparse systems and analytical mappings,496,sparse-architecture motivation and boundary,"DNN-accelerator surveys and Eyeriss establish movement, representation, and dataflow as first-class costs [citation]. Compressed-inference designs vary encodings and skipping [citation]; sparse-algebra accelerators reorganize products, merging, or routing [citation]; and Plasticine and Capstan provide programmable dataflow [citation]. None of these mechanisms alone decides a universal same-mask relation between two fixed mappings.","checked: citation is descriptive, antecedent, or boundary-setting and does not claim independent replication",2026-09-21
zhang2021gamma,Relation to Prior Work and Implications / Sparse systems and analytical mappings,496,sparse-architecture motivation and boundary,"DNN-accelerator surveys and Eyeriss establish movement, representation, and dataflow as first-class costs [citation]. Compressed-inference designs vary encodings and skipping [citation]; sparse-algebra accelerators reorganize products, merging, or routing [citation]; and Plasticine and Capstan provide programmable dataflow [citation]. None of these mechanisms alone decides a universal same-mask relation between two fixed mappings.","checked: citation is descriptive, antecedent, or boundary-setting and does not claim independent replication",2026-09-21
zhang2023sgap,Relation to Prior Work and Implications / Sparse compilation and checked optimization,501,sparse/tensor compiler and representation comparator,"TACO, format abstractions, workspaces, conversion generation, and Looplets separate algebra, iteration, storage, and coiteration [citation]. MLIR sparse compilation, CoNST, polyhedral co-iteration, loop tactics, SConv, TileMind, and sparse systolic compilation broaden schedules and targets [citation]. The Sparse Abstract Machine, Mosaic, UniSparse, SparseTIR, SparseLNR, SparseAuto, SGAP, structured-tensor compression, and Stardust further vary formats and transformations [citation]; ATL mechanizes sparse data structures [citation]. Thus codec correctness and event reordering are not our novelty, and importing these mappings needs a separately justified translation.","checked: citation is descriptive, antecedent, or boundary-setting and does not claim independent replication",2026-09-21
zhao2012vellvm,Relation to Prior Work and Implications / Sparse compilation and checked optimization,503,"formal verification, certification, or relational-cost comparator","Compiler verification, translation/peephole validation, and formal IR semantics offer broader assurance [citation]; proof-carrying code and certifying compilation motivate our checker boundary [citation]. Relational cost analysis soundly compares execution costs [citation]; our narrower finite signature instead gives complete equality for one mask fragment and a one-sided hardness boundary. Equality saturation and e-graphs provide search [citation], not this relation. Admission, extraction, counting, and Python remain trusted; the checker is not a proof assistant.","checked: citation is descriptive, antecedent, or boundary-setting and does not claim independent replication",2026-09-21
zhao2023polyhedral,Relation to Prior Work and Implications / Sparse compilation and checked optimization,501,sparse/tensor compiler and representation comparator,"TACO, format abstractions, workspaces, conversion generation, and Looplets separate algebra, iteration, storage, and coiteration [citation]. MLIR sparse compilation, CoNST, polyhedral co-iteration, loop tactics, SConv, TileMind, and sparse systolic compilation broaden schedules and targets [citation]. The Sparse Abstract Machine, Mosaic, UniSparse, SparseTIR, SparseLNR, SparseAuto, SGAP, structured-tensor compression, and Stardust further vary formats and transformations [citation]; ATL mechanizes sparse data structures [citation]. Thus codec correctness and event reordering are not our novelty, and importing these mappings needs a separately justified translation.","checked: citation is descriptive, antecedent, or boundary-setting and does not claim independent replication",2026-09-21
zheng2020ansor,"Relation to Prior Work and Implications / Movement complexity, exactness, and limits",506,movement/locality analysis and compiler boundary,"Classical I/O models treat communication as a resource [citation]. Affine-cache analyses count misses under replacement semantics [citation]; affine scheduling, Pluto, Halide, TVM, Ansor, MLIR, and LLVM expose locality choices elsewhere [citation]. We instead compare two explicit residencies under one sparse support, without replacement or mapping search.","checked: citation is descriptive, antecedent, or boundary-setting and does not claim independent replication",2026-09-21
zhu2026locality,"Relation to Prior Work and Implications / Movement complexity, exactness, and limits",508,movement/locality analysis and compiler boundary,"Signed ORs relate to coverage functions [citation]; frontier analysis echoes variable elimination [citation]; BDD/treewidth results explain order sensitivity [citation]; and Max-Cut is the classical source problem [citation]. Tensor Seeks Layout and symbolic loop-locality analysis make different global or parametric decisions [citation]. Our contribution is the extraction-and-realizability connection for this contract, not those ingredients alone.","checked: citation is descriptive, antecedent, or boundary-setting and does not claim independent replication",2026-09-21
