case,family,size,guards,bound_bytes,signature_terms,frontier_width,open_count_blocks,total_states,peak_states,certificate_bytes,producer_cpu_seconds,producer_wall_seconds,checker_cpu_seconds,checker_wall_seconds
structured-1-grouped,structured,1,4,0,5,1,1,9,3,285,0.0,0.00016527499997209816,0.0,0.00021255500007555383
structured-4-grouped,structured,4,16,0,20,1,1,33,3,612,0.0,0.0003981300000077681,0.0,0.0004751540000142995
structured-8-grouped,structured,8,32,0,40,1,1,65,3,1052,0.0,0.0009487069999067899,0.0,0.0010586490000150661
structured-16-grouped,structured,16,64,0,80,1,1,129,3,1935,0.0039964780000000255,0.0017873190000727845,0.0,0.0024183140000104686
structured-32-grouped,structured,32,128,0,160,1,1,257,3,3727,0.003991550999999927,0.00466334200007168,0.008559668000000076,0.006414668000047641
structured-8-interleaved,structured,8,32,0,40,8,8,32291,6561,924932,0.267441379,0.2683184940000274,0.25599803199999993,0.25673709800003053
clique-4,clique,4,4,16,10,4,0,16,8,345,0.0040032580000000095,0.0027601819999745203,0.0,0.00037311300002329517
clique-8,clique,8,8,64,36,16,0,256,128,3301,0.0,0.002275612999937948,0.0039964379999999355,0.0026594119999572285
clique-12,clique,12,12,144,78,36,0,4096,2048,60126,0.031997617000000034,0.03358409899999515,0.035999132999999794,0.03768948399999772
