vertices,edges,joint_bound,sum_local_bounds,terms,frontier_width,open_count_blocks,total_states,peak_states,cpu_seconds,wall_seconds,status
3,3,8,12,6,2,0,8,4,0.0,0.0004181580006843433,certified
4,6,16,24,10,4,0,16,8,0.001076807000000013,0.0006441679997806204,certified
5,10,24,40,15,6,0,32,16,0.0,0.0011274530006630812,certified
6,15,36,60,21,9,0,64,32,0.00399792099999996,0.0016752170004110667,certified
7,21,48,84,28,12,0,128,64,0.003999072000000048,0.0028640820000873646,certified
8,28,64,112,36,16,0,256,128,0.003999693999999998,0.004871207999713079,certified
9,36,80,144,45,20,0,512,256,0.007559695000000088,0.008992398999907891,certified
10,45,100,180,55,25,0,1024,512,0.020000940000000078,0.02092477400037751,certified
11,55,120,220,66,30,0,2048,1024,0.03599476699999993,0.033170710999911535,certified
12,66,144,264,78,36,0,4096,2048,0.10789644099999995,0.11128428699976212,certified
