groups,guards,terms,legal_masks,status,median_seconds,min_seconds,max_seconds,count_operation_charge
1,4,5,6,equal,1.6104000678751618e-05,1.2568999409268145e-05,3.626500074460637e-05,42
2,8,10,36,equal,3.3801000427047256e-05,2.7521000447450206e-05,5.527299981622491e-05,198
4,16,20,1296,equal,0.00014242400084185647,0.00013295000007929048,0.00016256399976555258,1155
8,32,40,1679616,equal,0.0008590199995524017,0.000853382000059355,0.00087127899951156,7749
16,64,80,2821109907456,equal,0.007080747000145493,0.00667068099937751,0.0076202479995117756,56457
32,128,160,7958661109946400884391936,equal,0.05624023699965619,0.05434444000002259,0.05726938299994799,430353
64,256,320,63340286662973277706162286946811886609896461828096,equal,0.4439502659997743,0.4372931950001657,0.47990962599942577,3359265
128,512,640,4011991914547630480065053387702443812690402487741812225955731622655455723258857248542161222254985216,equal,4.0216832059995795,3.9831522770000447,4.106795560000137,26543169
256,1024,1280,16096079122395561512061763913577304064976913480336184419870793713264277662647884811647537309195067118494671396772863385036070451166210844912750004569643271101628982439604781505910612662005364378566656,unresolved,8.132200036925497e-05,8.132200036925497e-05,8.132200036925497e-05,211028097
