groups,guards,order,max_layer,max_total,time_cap_seconds,status,bound,terms,frontier_width,open_count_blocks,total_states,peak_states,cpu_seconds,wall_seconds,reason
4,16,grouped,8192,50000,5,certified,0,20,1,1,33,3,0.0,0.0011346639994371799,
4,16,interleaved,8192,50000,5,certified,0,20,4,4,371,81,0.006661752000000076,0.0046643169998787926,
4,16,shuffled,8192,50000,5,certified,0,20,4,4,170,36,0.0,0.0022295990002021426,
8,32,grouped,8192,50000,5,certified,0,40,1,1,65,3,0.00400603300000002,0.002025372999924002,
8,32,interleaved,8192,50000,5,certified,0,40,8,8,32291,6561,0.551139914,0.5527211960006753,
8,32,shuffled,8192,50000,5,certified,0,40,7,7,9050,972,0.11989421900000008,0.121269838000444,
12,48,grouped,8192,50000,5,certified,0,60,1,1,97,3,0.003996388999999878,0.003573949000383436,
12,48,interleaved,8192,50000,5,unresolved,,,,,,,0.17979332700000006,0.17925313300020207,frontier layer state limit
12,48,shuffled,8192,50000,5,unresolved,,,,,,,0.16780115699999998,0.16638663400044607,frontier layer state limit
16,64,grouped,8192,50000,5,certified,0,80,1,1,129,3,0.003999373000000084,0.004329102999690804,
16,64,interleaved,8192,50000,5,unresolved,,,,,,,0.127811283,0.12668401200062362,frontier layer state limit
16,64,shuffled,8192,50000,5,unresolved,,,,,,,0.16357723999999996,0.1640377460007585,frontier layer state limit
