part,case_count,mask_count,resident_numeric_masks,cpu_seconds,wall_seconds,peak_rss_kib,swap_events,workers
structured,54,33756,456,1.223287793,1.2249139819996344,93608,0,1
grid,6,67974,54,1.2363374180000002,1.237888546999784,96304,0,1
cycle,10,8184,88,0.25956971199999995,0.25978287199995975,93484,0,1
format,306,12555,2169,0.46242299600000003,0.463201468999614,93868,0,1
graph-free,1099,33866,9290,7.7573490959999996,7.767544521000673,95140,0,1
graph-nm,75,84750,598,3.305992512,3.311343309000222,93736,0,1
random-0,60,4579,447,0.34875380300000003,0.34920237000005727,93664,0,1
random-1,60,5831,448,0.37062208500000005,0.3711188939996646,93612,0,1
random-2,60,4579,447,0.43709802799999997,0.43753056100013055,93740,0,1
